playerName,freeThrowsMade,points,plusMinusPoints,fieldGoalsMade,PER,turnovers,USG%,gamesPlayed,reboundsDefensive,minutes,assists,Actual_AllStar,Predicted_AllStar,Prediction_Confidence
Mo Williams,10,172,-55,71,11.425890107326175,60,13.06074094805172,79,107,857.2,166,0,0,0.33
Danny Green,1,3,-13,1,0.9256380510440816,5,12.315551464519704,5,6,43.1,3,0,0,0.0
Cory Jefferson,114,636,478,261,16.159513502779987,84,12.676489100858834,82,314,2014.4,62,0,0,2.76
Edmond Sumner,1,9,3,4,23.10461538461539,2,19.6261927616171,4,4,19.5,1,0,0,0.0
Norris Cole,150,791,180,318,21.50509776304888,82,29.144391672424035,82,216,1207.0,72,0,0,14.41
Tyson Chandler,50,200,-129,75,12.382959442332067,37,12.06255479786641,67,148,789.0,26,0,0,0.0
Taurean Prince,35,227,-51,74,11.108226018396843,20,14.37237094444312,76,65,684.9,40,0,0,0.0
Anthony Tolliver,8,32,-6,10,15.51238759689922,4,22.87828813859366,6,8,64.5,8,0,0,0.0
P.J. Washington,23,266,-100,99,14.299901521933748,27,18.77881763334199,52,110,670.2,34,0,0,0.0
Chris Copeland,24,152,-45,64,12.53866999168745,30,15.49738191922402,32,84,481.2,12,0,0,0.0
Henry Ellenson,120,610,-260,245,11.11403895337399,95,15.939099885211366,78,279,2033.2,96,0,0,0.0
Troy Williams,40,318,-252,137,22.662890769230764,35,18.08372527428791,23,120,650.0,35,0,0,1.0
Timothe Luwawu-Cabarrot,57,427,-110,150,14.885023627179404,56,15.295451342758671,73,85,1227.4,217,0,0,0.0
Jonas Valanciunas,5,105,92,35,7.793546399691956,16,9.830374363252355,72,61,519.4,28,0,0,0.0
Cristiano Felicio,31,432,64,162,14.685835062240663,55,17.612100049055808,45,217,1156.8,91,0,0,0.0
Cristiano Felicio,0,41,-11,18,13.105476575121166,10,18.39886109742551,33,20,123.8,27,0,0,0.0
De'Andre Hunter,423,1528,-29,505,28.84830054991539,207,37.71490064656611,57,468,1891.2,266,1,1,60.9
Kelly Olynyk,34,193,-51,76,6.55375840381696,30,12.491312117553491,66,78,922.2,44,0,0,0.0
Bradley Beal,388,2251,105,857,31.423284529199865,347,31.72928729870281,82,612,3025.7,747,1,1,87.75
Mitchell Robinson,59,375,53,128,10.625394144144146,42,13.976121300686408,65,89,1243.2,61,0,0,0.0
Jae Crowder,56,481,-46,183,18.385542594178084,50,21.22878289944464,66,166,934.4,67,0,0,0.0
Lou Williams,64,304,98,120,22.62593969504881,62,25.879899654170263,23,142,583.7,63,0,0,2.53
Zavier Simpson,0,0,8,0,4.080000000000001,0,0.0,7,2,3.0,0,0,0,0.0
Coby White,57,311,26,126,20.65922996552084,44,13.414836175641351,82,177,957.1,79,0,0,0.0
Kent Bazemore,125,754,-477,273,12.645589779488972,122,22.19677232560609,61,345,1714.2,99,0,0,0.33
John Wall,11,53,39,20,10.752584726615453,13,11.872074019175912,38,26,221.3,15,0,0,0.0
Mo Williams,189,1028,141,415,21.816550402884992,161,28.06328136339301,60,181,1774.7,252,1,0,14.85
Immanuel Quickley,52,390,134,169,13.112051929318426,72,15.004581769568915,81,273,1386.5,84,0,0,0.0
Vasilije Micic,87,570,-139,218,14.60408893801548,55,22.254742999640992,78,145,1176.1,78,0,0,0.0
Spencer Dinwiddie,109,964,107,377,20.812144555127915,131,22.855532706996826,53,178,1766.8,265,0,0,0.1
Aaron Gordon,0,0,0,0,14.257979607256786,0,18.572275528227934,3,0,0.0,0,0,0,0.0
LaMelo Ball,23,287,-13,101,13.45751163774862,32,12.975272998615594,73,88,945.2,84,0,0,0.0
Gary Trent Jr.,11,72,-25,26,17.004151419558355,5,19.460026405474803,9,13,158.5,14,0,0,0.0
Craig Brackins,105,819,111,280,12.9425330992265,106,17.88562541587084,82,128,2107.3,229,0,0,1.0
Isaiah Hicks,311,1248,-395,426,16.0739539950709,212,23.21996683325144,78,329,2799.7,400,0,0,3.3
Wesley Johnson,0,0,-19,0,-1.709977973568282,2,5.621625490260824,8,4,45.4,2,0,0,0.0
Jusuf Nurkic,104,834,-14,265,18.63752116234996,59,19.09696178212045,55,210,1583.0,92,0,0,0.0
Maurice Harkless,14,170,70,60,12.18805872412336,15,17.101865544185948,35,70,473.4,29,0,0,0.0
Justin Holiday,4,14,0,4,4.0862152133580745,2,18.50715491083366,2,2,53.9,5,0,0,0.0
Onyeka Okongwu,61,269,-205,104,11.785541503989135,60,11.465229997206963,82,294,1178.2,26,0,0,1.0
Jevon Carter,162,969,345,403,22.60301729573912,93,16.581983075994536,71,445,2220.2,113,0,0,7.82
Danilo Gallinari,85,494,-81,172,14.786165545783758,68,24.05986989571557,82,52,966.5,92,0,0,0.0
Yuta Watanabe,38,299,63,130,20.059170206740298,41,19.994531784236337,78,209,706.2,49,0,0,0.0
Hedo Turkoglu,110,508,-121,195,16.1356153924463,66,25.45825575679596,82,189,982.3,32,0,0,1.58
Darryl Watkins,8,112,-23,40,16.715486976217445,8,11.002101669823846,22,38,353.2,50,0,0,0.0
Corey Brewer,85,451,41,181,21.4354704595186,51,18.42622773381021,57,209,1005.4,86,0,0,0.0
Kris Dunn,20,167,-147,67,7.499541674367032,42,19.883553549404056,66,39,541.1,62,0,0,0.0
Dillon Brooks,32,403,53,146,8.89697344415163,54,12.628356100126853,72,95,1479.9,90,0,0,0.0
Tyler Dorsey,9,115,31,43,11.288816712412318,11,16.000915642097667,80,62,327.9,18,0,0,0.0
Kirk Hinrich,45,372,6,157,16.757104819683185,54,14.081696801240277,50,210,1186.8,53,0,0,0.0
Carmelo Anthony,31,135,-56,52,10.954221445730504,32,15.89490747031938,54,63,457.9,15,0,0,0.0
Kyle Anderson,237,952,274,357,17.68931657104286,121,19.212296442351445,66,459,2370.4,204,1,0,15.12
Alperen Sengun,29,483,-9,220,15.950029925865474,91,15.063019281868105,82,146,1470.3,258,0,0,0.0
Gary Harris,38,470,-156,216,14.842544032689869,61,15.406113569253112,82,285,1419.4,47,0,0,0.0
DaQuan Jeffries,95,427,-49,158,14.991554443690632,43,15.770448520881764,70,158,1179.2,61,0,0,0.0
Gordon Hayward,46,250,3,102,21.057335513659105,43,22.54789636429585,21,149,519.8,30,0,0,0.07
Renaldo Balkman,22,357,14,147,16.097215017611273,79,13.677215944228491,73,139,1249.2,254,0,0,0.0
Zach LaVine,0,0,5,0,0.0,0,0.0,11,0,2.6,0,0,0,0.0
Deni Avdija,8,51,-7,21,7.083400377121307,18,23.33273417059384,31,15,159.1,25,0,0,0.0
Udoka Azubuike,187,713,-36,235,14.833728438043993,117,29.650551488297417,53,67,1263.8,137,0,0,2.32
Luc Mbah a Moute,151,798,-103,298,18.486429656037497,98,22.994421901770536,59,199,1514.7,64,0,0,0.0
Brandon Jennings,10,96,-13,35,18.60298328108672,9,21.49661826388368,8,14,191.4,30,0,0,0.0
Frank Kaminsky,49,709,-263,284,13.087365806607185,126,16.235471978663913,80,164,2073.5,341,0,0,0.67
Jrue Holiday,80,449,27,184,21.98382287691897,66,14.987255110125504,64,209,1126.9,57,0,0,0.0
Gerald Wallace,9,31,-4,9,15.701966942148765,3,22.196604870515245,17,6,60.5,6,0,0,0.0
C.J. Watson,69,522,-52,195,15.932969257045269,98,23.822875046834515,52,89,1171.0,274,0,0,0.0
Jonathon Simmons,50,573,171,203,14.212956031723945,40,17.087513194117914,60,166,1437.4,86,0,0,0.0
Tyler Lydon,90,535,-91,215,13.192712513118089,78,16.926059812144313,82,192,1619.9,70,0,0,0.0
Sebastian Telfair,216,1407,552,506,20.31500334252528,174,25.25343877136891,80,411,2393.4,331,1,0,36.56
Jason Thompson,197,1134,274,456,19.86201652478718,151,26.5915063652744,71,138,1997.0,388,1,0,8.85
JaKarr Sampson,78,528,-41,216,19.49077581594436,66,25.44844524578783,61,153,934.5,53,0,0,1.13
Kendrick Nunn,120,1018,202,417,15.729007914673886,185,22.07306037437144,76,223,2362.7,419,0,0,1.79
Chris Chiozza,11,69,0,29,30.94838812301166,9,26.430632619164395,27,29,94.3,3,0,0,0.0
Courtney Fortson,197,873,-119,335,21.17391555343512,103,15.99183593964015,81,481,2096.0,110,0,0,0.96
Tremont Waters,71,353,-153,141,12.765435220817295,56,16.453433838971442,56,171,1091.4,21,0,0,0.0
Cameron Payne,16,82,16,28,19.52424778761061,7,15.321602764016982,42,32,192.1,14,0,0,0.0
Torrey Craig,19,187,-4,72,8.145949483352469,24,10.630877217234984,62,122,871.0,36,0,0,0.0
Ryan Hollins,2,14,-25,6,6.061737089201877,2,11.17364041126328,28,8,85.2,2,0,0,0.0
Jason Maxiell,72,638,60,233,12.75623301711398,80,12.790599287661156,82,232,2097.7,171,0,0,0.0
Jusuf Nurkic,36,331,267,119,14.005969686531174,59,13.32622931637199,44,244,1161.2,147,0,0,1.51
Simone Fontecchio,53,307,-87,127,10.85584422027452,59,13.68388646923244,82,200,1209.4,30,0,0,0.0
Juancho Hernangomez,9,68,-99,29,11.338260703363911,12,15.802520874593586,33,38,261.6,20,0,0,0.0
Brendan Haywood,97,375,-93,139,13.278451141705846,57,16.428085316278914,75,239,1191.2,32,0,0,0.0
Arinze Onuaku,5,11,-18,3,4.0562751677852384,4,10.48774353902174,18,11,89.4,6,0,0,0.0
Jan Vesely,97,927,-55,346,18.43104188591875,51,20.56941869736337,77,416,1900.4,120,0,0,1.0
James Posey,31,213,-45,91,24.64914780600462,28,20.08626846787628,25,115,433.0,30,0,0,0.5
Jermaine Samuels Jr.,84,354,-135,97,12.096790944123317,10,11.558892819399388,69,71,1038.0,26,0,0,2.57
Montrezl Harrell,98,840,-9,313,17.750091619649048,106,17.45098999905727,66,316,1931.9,147,0,0,0.0
Jonah Bolden,12,127,5,44,7.634392100880317,20,15.912663622541714,54,26,420.3,33,0,0,0.0
Bradley Beal,2,2,-11,0,13.57,0,15.249906581655976,6,1,5.1,0,0,0,0.0
Spencer Hawes,20,347,-11,135,12.62700373731981,26,18.62077968878946,48,108,936.5,51,0,0,0.21
Lance Stephenson,2,16,33,7,23.11102362204724,4,18.0909880482874,21,11,38.1,1,0,0,0.0
Caris LeVert,134,869,-66,307,14.473718209803454,114,18.62661956705392,71,215,2111.5,268,0,0,0.32
Draymond Green,10,122,7,48,18.27108527131783,5,17.924759657502197,71,32,258.0,6,0,0,0.0
Frank Kaminsky,42,410,-203,160,9.09094048929146,53,17.154931768114785,79,82,1181.3,72,0,0,0.0
Goran Dragic,95,875,31,324,20.31957714448156,93,28.024354079753326,46,203,1407.1,188,0,0,2.76
P.J. Tucker,120,964,-83,382,22.193386301369863,103,26.20009610253752,77,339,1642.5,123,0,0,0.04
Paul George,22,159,-113,60,10.389750437828368,28,12.963690586035575,54,96,685.2,70,0,0,0.0
Jawun Evans,52,366,-156,136,19.687560240963847,52,17.64312034387844,68,133,796.8,51,0,0,0.0
Klay Thompson,0,3,-3,1,5.911280602636535,3,10.712325875166291,14,4,53.1,8,0,0,0.0
Nik Stauskas,3,39,22,14,10.908632969557727,2,8.946236993926298,42,23,174.1,8,0,0,0.0
Ryan Hollins,2,20,5,7,33.72866071428572,2,25.91864696847469,12,3,22.4,1,0,0,0.0
Frank Jackson,9,189,-84,70,7.996005765954659,11,10.421170714325942,81,28,763.1,19,0,0,0.0
Lamar Odom,2,12,-34,4,4.085579470198674,3,15.01393144668972,38,8,60.4,5,0,0,0.0
Greg Smith,3,52,31,20,11.895056553559549,4,13.82133001522603,17,23,150.3,10,0,0,0.0
Gary Neal,242,1518,-135,599,17.09222222222223,102,25.48143432024584,82,301,2803.5,116,0,0,7.96
Zavier Simpson,20,267,16,105,19.691349762604563,25,25.602762388333662,19,30,442.3,57,0,0,0.0
Travis Outlaw,52,342,9,140,16.70362642057592,55,12.91882213992386,81,207,1170.3,118,0,0,0.0
Tyreke Evans,174,1008,23,359,13.338975476333962,134,22.812833478445864,82,112,2157.1,214,0,0,0.49
Antonio Daniels,39,436,97,165,15.052577543424324,46,22.17657301456582,35,107,967.2,84,0,0,0.94
Malcolm Delaney,35,511,100,195,12.12205162839562,77,17.529285421320754,64,263,1332.6,92,0,0,0.0
Jaylen Nowell,7,49,-18,19,6.944336609336612,7,19.217722624133447,25,18,162.8,8,0,0,0.0
Bruce Brown,109,729,39,310,15.734719303699103,88,21.72131352450886,80,227,1608.5,53,0,0,0.0
Lonzo Ball,82,447,50,166,18.60083241089219,30,20.25981601149393,28,143,903.4,70,0,0,0.0
Trevor Booker,566,1914,100,597,27.64346780541562,300,32.77022464583193,75,161,2540.8,741,0,1,71.36
Joakim Noah,10,71,1,25,18.164551136363634,9,13.987332440456044,55,33,176.0,21,0,0,0.0
Marquis Teague,99,444,54,146,13.603073993087394,40,12.495269184849844,75,148,1417.7,110,0,0,0.0
Derrick Favors,0,4,1,2,29.453958333333333,1,39.09822767035428,4,0,4.8,0,0,0,0.0
Tim Duncan,19,158,-54,56,14.595644989339023,11,16.901170090917596,45,56,375.2,13,0,0,0.0
Alonzo Gee,0,0,-4,0,-5.100625,0,8.823534878418698,4,1,4.8,0,0,0,0.0
Olivier Sarr,356,1543,478,532,31.45162978193821,149,33.23055920966766,62,348,1848.1,280,1,1,90.52
Bernard James,0,0,-2,0,-4.900823529411764,1,10.245629012483192,17,1,8.5,0,0,0,0.0
Keifer Sykes,140,568,164,210,15.08831038552321,94,18.47380515051567,66,135,1525.2,79,0,0,0.0
Jason Terry,54,417,56,144,9.125342922151791,58,17.886011862896265,79,174,1230.6,71,0,0,0.0
Josh Reaves,44,261,-32,87,9.128242388295767,81,15.63765952135912,69,96,1011.6,130,0,0,0.0
Mason Plumlee,124,898,-244,340,10.945750031916244,124,18.61167498506804,82,208,2349.9,135,0,0,0.74
Allen Crabbe,432,1614,-17,591,26.279748912097475,251,32.84305238284676,75,613,2298.0,207,1,1,74.24
Ashton Hagans,180,1355,383,536,24.177577011287493,123,23.832771124361184,71,245,2223.7,322,0,0,30.98
Joe Harris,2,2,3,0,70.2795238095238,0,38.31238034322856,3,0,2.1,0,0,0,0.0
Max Strus,59,541,100,241,21.612396413649023,34,19.12777881734593,78,175,1148.8,38,0,0,0.13
Hasheem Thabeet,94,570,35,205,17.750424389834773,75,23.642995786625058,60,85,1192.3,231,0,0,0.0
Jordan Clarkson,0,2,-4,1,4.959090909090908,0,4.352776077628572,1,1,9.9,0,0,0,0.0
DeMarcus Cousins,0,0,0,0,14.257979607256786,0,18.572275528227934,1,0,0.0,0,0,0,0.0
Danilo Gallinari,19,166,-142,73,17.980503816793895,18,21.064315012442872,56,59,327.5,11,0,0,0.0
Svi Mykhailiuk,80,593,-138,225,9.179761721296895,114,19.71457300239948,79,248,1687.1,118,0,0,0.32
Scotty Hopson,52,274,161,106,18.74366339227243,31,14.849265234583225,78,84,763.5,65,0,0,0.0
Rashad Vaughn,133,777,-220,314,20.18482041799741,105,18.015019151231133,76,365,1784.7,98,0,0,0.14
Kyle Alexander,222,1187,61,482,21.16160335146517,121,24.08426954441082,80,411,2279.6,112,0,0,5.25
Brandon Jennings,178,480,-275,139,13.7887519872814,59,27.645118424397552,46,104,880.6,39,0,0,5.92
Luke Ridnour,0,14,-4,7,12.407105643994209,1,7.938901054150875,14,15,69.1,1,0,0,0.0
Roy Hibbert,143,891,-243,374,14.87347572985512,101,18.31335264153984,82,377,2284.7,84,0,0,0.67
Richard Hamilton,5,66,-16,25,8.765689655172414,5,10.765760882130742,22,38,278.4,7,0,0,0.0
Brandan Wright,7,49,16,18,11.46368204283361,7,20.91178060365192,29,14,121.4,8,0,0,0.0
Luke Walton,69,758,-369,270,10.166150703375273,76,16.347022068323568,82,218,2153.9,99,0,0,0.0
Kai Jones,68,350,-9,130,14.958551745733512,59,31.004154090257,19,104,638.7,40,0,0,1.7
Malachi Richardson,31,165,-6,67,12.46753831417624,29,12.162988194671271,82,87,626.4,12,0,0,0.0
Julyan Stone,2,22,-38,10,8.344197447951643,2,9.210892202730518,42,18,148.9,2,0,0,0.0
Wes Iwundu,34,205,1,72,8.228818998716301,40,13.698498714859229,82,105,856.9,45,0,0,0.0
Mike Scott,1,7,-20,3,1.146107382550336,3,9.340714046032474,5,4,44.7,0,0,0,0.0
Malik Beasley,2,24,-16,11,3.7501470588235297,8,19.303202982884592,36,9,81.6,2,0,0,0.0
Jeremiah Martin,40,328,6,129,11.354253458277556,27,13.689258461657476,77,159,1120.5,33,0,0,0.0
Seth Lundy,25,201,47,88,16.99414226804124,31,19.07337885365256,34,112,485.0,14,0,0,0.0
Chimezie Metu,29,201,-96,86,17.676466252909226,35,17.75553775337699,59,105,515.6,32,0,0,0.0
David Lee,95,1140,222,420,19.18924142001089,97,19.94792924409573,76,209,2202.8,221,0,0,4.19
Paul Reed,3,22,-7,9,9.139620689655173,2,10.184481449553898,7,9,116.0,10,0,0,0.0
Brandon Boston Jr.,69,414,137,146,13.092747842118497,60,16.6865684334205,65,82,1193.3,107,0,0,0.0
LaMarcus Aldridge,137,1105,-275,483,21.991150078857803,152,22.49084137273539,81,770,2409.4,90,0,0,22.16
Jusuf Nurkic,143,751,26,248,14.250083309719468,68,19.31830125211269,66,132,1764.5,164,0,0,0.0
Kyle Guy,112,837,-130,349,20.271626546681663,139,21.411755913622,60,165,1778.0,341,0,0,1.1
Goga Bitadze,27,156,-25,54,12.17622893258427,14,14.471427926415316,31,54,427.2,14,0,0,0.0
Precious Achiuwa,252,1098,-24,423,21.345169380497858,149,24.01897528230184,71,475,2137.2,142,0,0,11.8
Reggie Jackson,13,57,-33,22,17.482881062355656,9,14.969738527888316,66,35,173.2,3,0,0,0.0
Julian Champagnie,9,130,75,50,11.526057529610831,8,9.852714470654638,51,43,591.0,23,0,0,0.0
Jerami Grant,5,141,55,54,12.484483718937447,10,13.4330384589663,46,51,466.8,29,0,0,0.0
Ersan Ilyasova,128,712,-18,261,20.90637020019692,41,18.08994628122043,78,264,1523.5,29,0,0,0.0
PJ Dozier,3,14,-18,5,7.048865384615383,1,17.598103496312937,6,8,52.0,1,0,0,0.0
Dwight Powell,187,987,-269,327,20.844071577054887,140,23.295165946917827,59,493,1779.9,178,0,0,3.04
Cole Anthony,26,153,-148,56,12.121313259109307,24,20.821767660749792,28,81,395.2,16,0,0,0.0
Tyler Ennis,140,965,54,412,21.16541288135593,84,17.557810773768345,81,497,2212.5,194,0,0,1.72
Kevin Garnett,2,27,-27,11,18.52630744849446,3,20.59079528786292,8,11,63.1,6,0,0,0.0
De'Aaron Fox,77,311,-96,116,20.422629418774005,45,17.15026047154515,62,167,755.3,42,0,0,0.0
Al Horford,58,520,-159,231,13.080992551813468,98,21.586828991742788,82,201,1235.2,59,0,0,0.13
Kyle Lowry,4,17,-12,6,4.699041353383457,2,20.98908610287063,28,3,53.2,4,0,0,0.0
Tyler Ennis,2,52,-118,21,6.424547996272136,17,19.11941085061592,54,17,214.6,40,0,0,0.0
Delon Wright,90,666,-53,261,17.444432013769354,95,19.733061757152,71,161,1394.4,125,0,0,0.0
Wendell Carter Jr.,0,14,3,6,27.75757281553399,0,15.77249178268808,9,5,30.9,3,0,0,0.0
Justin James,29,187,-33,74,16.043431952662722,29,12.583994225522932,26,124,625.3,42,0,0,0.0
Brandon Roy,21,133,-54,50,17.10051905920519,15,14.309685327038355,32,55,369.9,18,0,0,0.0
Chris Paul,2,13,-18,5,1.4780614203454912,3,18.13168312455804,23,5,52.1,3,0,0,0.0
Jamal Murray,193,919,-681,358,14.60965576065086,149,21.35034430679817,82,657,2286.2,144,0,0,8.97
Jordan Nwora,80,793,161,284,17.88020180225917,62,18.489672883844133,64,118,1575.8,124,0,0,0.0
Thaddeus Young,140,842,-4,311,19.689816527558467,118,29.64507439318584,47,140,1329.9,199,0,0,0.96
Josh Howard,166,442,150,115,25.206574962140333,72,25.11282701932983,21,136,792.4,220,0,0,14.01
Dwyane Wade,216,1062,-231,357,16.94332815383122,170,25.23965099750565,72,316,2059.4,369,0,0,1.82
Maurice Harkless,92,1288,-52,546,21.46467116148246,136,24.63975008724547,73,662,2417.6,236,0,0,14.74
Eric Gordon,74,335,-29,114,11.361860607295702,61,17.313954398864837,78,132,981.4,55,0,0,0.0
Rodrigue Beaubois,69,206,-5,62,15.12932917888563,35,18.692294113363744,28,65,545.6,86,0,0,0.0
Kai Jones,199,1166,74,439,17.267526726269736,230,23.098011746289068,82,155,2628.5,579,0,0,15.6
Khem Birch,7,41,33,17,2.883443938988494,22,10.012505433360614,65,88,373.7,6,0,0,0.0
Amir Johnson,2,16,-24,7,3.848343409915358,5,7.603074395357842,21,18,165.4,9,0,0,0.0
Miles Bridges,154,952,120,345,18.909686430723657,117,23.23372041288369,75,241,1958.1,346,0,0,0.84
Duane Washington Jr.,271,1421,204,528,21.97604688970651,137,25.899022808005817,72,309,2337.4,269,0,0,29.09
Nikola Pekovic,13,94,-18,40,27.530413354531,9,19.20150957767248,25,63,188.7,14,0,0,0.33
Danuel House Jr.,74,808,-72,317,16.111485392045108,113,23.85351973005759,76,126,1666.9,302,0,0,0.0
Lonzo Ball,27,152,2,48,10.01203204661326,28,10.27703126326413,72,86,686.5,78,0,0,0.0
Andre Miller,166,1180,379,473,19.459745329139345,139,19.79271871918421,82,535,2638.7,249,0,0,11.84
DeShawn Stevenson,49,478,-2,181,10.198093283317997,97,16.941244413784048,82,148,1412.9,109,0,0,0.0
Rayjon Tucker,18,82,-16,28,12.986611246943763,10,19.08227053817028,33,22,204.5,10,0,0,0.0
Royce O'Neale,30,327,-136,128,15.372797068254696,55,14.048677033171394,44,181,1091.5,107,0,0,0.0
Miles Plumlee,22,354,-232,126,12.440946618260048,40,10.654272293943553,77,106,1487.4,90,0,0,0.0
Ekpe Udoh,2,2,11,0,-2.891126760563381,1,12.512399718483035,5,1,14.2,0,0,0,0.0
Kent Bazemore,64,370,-49,133,18.686935311209663,38,25.04619586953792,39,87,653.9,82,0,0,0.0
Austin Rivers,114,755,119,278,14.257515355539804,104,20.777432652284748,55,133,1693.2,162,0,0,0.0
Scotty Hopson,126,999,-5,434,17.445050155348426,130,21.618592140081244,81,383,2253.0,110,0,0,1.02
Michael Beasley,192,1046,-27,373,18.28863297817316,83,22.49270357403706,59,294,1933.4,85,0,0,0.33
Rashad Vaughn,18,230,-173,88,11.821044631306592,25,17.682187232501402,28,41,618.4,62,0,0,0.0
Danny Granger,0,0,0,0,14.257979607256786,0,18.572275528227934,2,0,0.0,0,0,0,0.0
Isaiah Briscoe,45,739,428,268,10.777083472175937,98,13.813822790215529,80,246,2400.8,164,0,0,0.5
Donte DiVincenzo,0,6,-11,2,13.542469135802472,0,15.267080124037207,10,2,16.2,1,0,0,0.0
Jordan Hill,67,398,80,149,16.15456659188252,41,16.81667754244026,34,129,980.6,100,0,0,0.0
Patrick Patterson,0,8,-1,4,13.929030303030304,2,14.928899911723908,13,8,33.0,4,0,0,0.0
Tyler Dorsey,303,1822,220,685,30.817199856218544,245,29.32547586032947,73,457,2503.8,589,1,1,91.18
Chris Duhon,266,1385,352,504,26.86418324735937,210,24.336906135248064,76,608,2442.6,458,0,1,66.34
Javon Freeman-Liberty,16,435,-52,174,11.308078976100932,28,10.76825530709289,82,221,1648.6,37,0,0,0.0
Harry Giles III,93,656,228,251,16.824846505093085,98,21.197312031719058,65,211,1423.5,109,0,0,1.0
David Lee,8,72,32,28,10.04100709699223,22,12.934172514638192,22,38,295.9,33,0,0,0.0
Rodney McGruder,65,424,-79,155,19.235250261467204,51,29.89742524766903,26,87,669.3,99,0,0,2.32
Nikola Vucevic,253,1100,-139,366,17.75769172755126,140,23.12567288085662,82,132,2121.5,316,0,0,1.76
Kevin Garnett,1,15,6,7,7.353383199079403,4,13.835681505763748,44,14,86.9,4,0,0,0.0
Rajon Rondo,83,465,8,161,16.907169834014905,70,28.93718412113151,31,67,831.4,163,0,0,0.71
Rudy Gay,58,486,-304,214,19.258969136351503,68,20.790461274494064,41,235,1124.3,25,0,0,0.0
Tre Mann,12,129,-6,53,12.58361230148727,17,16.440139782821962,37,70,396.7,26,0,0,0.0
Carmelo Anthony,148,844,250,276,17.54077348584287,168,18.32376710815724,64,249,2133.2,474,0,0,10.46
Ivan Johnson,55,257,-5,87,14.854666319986135,31,20.579536552204026,25,108,576.9,32,0,0,0.0
Andre Miller,10,63,-41,25,12.700250426863978,3,16.351327819672047,78,17,175.7,10,0,0,0.0
Larry Nance Jr.,6,40,14,14,11.838517179023512,6,16.55902961888574,10,10,110.6,10,0,0,0.0
Andre Miller,5,94,-51,36,7.095756405756406,11,17.968430214186125,46,21,284.9,23,0,0,0.0
Thaddeus Young,12,110,-79,44,8.633457419683834,22,17.341096331874333,80,40,392.2,50,0,0,0.0
Cameron Payne,256,1010,71,321,16.79912345090563,153,22.55023796245776,81,322,2098.0,178,0,0,2.54
Andre Drummond,1,54,-30,21,5.535995762711859,13,24.08749863378757,13,16,141.6,15,0,0,0.0
Bones Hyland,0,7,3,3,10.388163265306124,1,22.4003882965918,8,3,19.6,5,0,0,0.0
Erick Green,31,135,-13,52,14.625172413793104,39,14.386295468758563,71,111,522.0,27,0,0,0.0
Andrew Bogut,134,798,-230,332,17.679810270911243,102,16.347497470178528,79,411,2192.6,38,0,0,0.26
J.J. Barea,185,1105,173,403,12.6439835765769,105,18.314644652540043,81,212,2788.7,138,0,0,1.11
Wesley Matthews,1,10,21,4,1.937263157894734,3,10.580206480479273,17,4,76.0,8,0,0,0.0
Anthony Edwards,128,754,-79,312,25.812386921779925,92,24.85203858822213,67,444,1364.1,54,0,0,0.5
Timothe Luwawu-Cabarrot,116,556,-104,185,15.907239927841244,73,21.090795431457025,44,171,1330.4,256,0,0,0.5
Jeff Green,9,60,-47,23,10.290580589254764,4,14.578825615215893,40,33,230.8,6,0,0,0.0
Robbie Hummel,11,65,-22,24,6.723769074262464,11,20.47806177099809,80,31,196.6,10,0,0,0.0
Nerlens Noel,10,90,-3,38,8.566371504660456,17,18.49313639007358,51,31,300.4,27,0,0,0.0
Dillon Brooks,77,843,141,332,21.147047844678152,69,16.860710601730197,82,235,1730.6,128,0,0,0.07
LeBron James,77,545,-123,232,14.06621086828116,59,21.03117187433128,45,195,1354.4,70,0,0,0.13
Johnathan Motley,48,106,-135,24,6.306609783845277,22,18.32806354644209,53,36,351.6,17,0,0,0.36
Patrick Williams,25,196,6,73,12.666148555708393,26,23.38889873621389,23,37,436.2,33,0,0,0.0
Lorenzo Brown,47,584,-54,264,13.130219402898213,97,19.00100599624864,82,336,1718.3,121,0,0,0.0
Caleb Swanigan,29,168,-11,61,12.669178082191786,15,16.332835387254597,53,24,438.0,20,0,0,0.0
Jarrett Allen,34,325,-97,103,11.406771494808996,19,11.137986178953104,81,75,992.1,37,0,0,0.0
Dru Smith,0,8,-25,4,0.8699999999999982,9,16.349955244893643,24,7,62.5,5,0,0,0.0
Tyrese Haliburton,1,1,-27,0,-11.367395833333331,1,16.259976463814453,5,5,19.2,0,0,0,0.0
Moussa Diabate,3,29,-72,13,8.645641952983723,9,13.2604376667133,6,16,165.9,20,0,0,0.12
Tyler Johnson,19,128,-10,49,17.5319572708477,18,19.628332170464034,18,38,290.2,15,0,0,0.0
Brook Lopez,5,9,-2,2,19.492454545454542,1,9.875341722810358,16,2,33.0,3,0,0,0.0
Nikola Mirotic,32,88,-58,25,16.559099378881985,15,19.1759706837523,24,15,225.4,50,0,0,0.0
Ed Davis,126,737,-68,251,16.80919013140252,81,21.28898925892471,50,253,1491.6,74,0,0,0.0
Kelan Martin,141,1028,75,433,19.827181884341936,99,29.348824100418152,80,416,1786.3,122,0,0,8.43
JaVale McGee,137,1225,426,478,23.38374269535674,183,23.65135846370263,70,232,2207.5,457,0,0,38.19
Eric Paschall,7,84,8,36,15.157015329125336,8,20.07953138610917,72,48,221.8,9,0,0,0.0
Brandan Wright,11,72,2,24,11.789223421926913,15,14.488644555262924,64,34,240.8,11,0,0,0.0
Grant Williams,5,43,-24,17,12.797419786096262,9,18.44469527863836,9,36,149.6,26,0,0,0.0
JJ Redick,25,184,-83,71,16.020492514645262,34,18.79005356576489,58,88,460.9,37,0,0,0.0
Lamar Patterson,253,1430,523,531,15.61555268079801,156,21.03404339375248,82,360,3208.0,230,0,0,32.58
Bryn Forbes,12,187,14,72,13.696519032372818,28,15.04392943315364,27,88,562.2,33,0,0,0.0
Donatas Motiejunas,17,189,-11,68,8.158071900693216,35,15.630281022884674,42,71,620.3,37,0,0,0.0
Al Horford,319,1922,338,679,27.43019692484789,180,32.33718832294206,70,226,2432.4,301,1,1,73.42
Allen Crabbe,2,18,-23,7,8.649165378670787,2,14.662988847264636,51,2,64.7,4,0,0,0.0
Tyrese Maxey,7,43,-4,13,17.366085409252666,1,17.798090231182343,26,10,84.3,3,0,0,0.0
Keldon Johnson,1,7,7,3,17.91641791044776,1,10.282710497118387,11,1,20.1,2,0,0,0.0
Jrue Holiday,118,990,-382,376,12.726614371646887,123,19.22332596426926,82,250,2460.4,169,0,0,0.39
Jimmy Butler,157,1000,-80,347,15.271887101516231,58,15.822883702246177,82,182,2380.9,99,0,0,0.0
Luka Doncic,108,528,353,210,20.180339237466224,115,12.097797456919452,76,411,1998.6,256,0,0,7.55
George Hill,2,8,-21,3,-0.270607287449392,2,36.03621484302265,7,6,24.7,2,0,0,0.0
Dario Saric,10,351,72,123,9.117365229110511,26,14.646680693452929,50,96,1187.2,62,0,0,0.0
Ray McCallum,115,529,14,169,18.279391534391536,66,24.14882143402337,76,82,982.8,143,0,0,0.0
Dwyane Wade,243,1017,107,336,16.804069480087442,120,22.198668048576323,82,174,2104.2,213,0,0,0.0
Kevon Looney,188,983,-64,325,16.422931461601976,103,19.954869187478348,75,374,2179.8,147,0,0,1.0
Jermaine O'Neal,85,534,32,182,21.37697189189189,37,21.740904926501614,40,218,925.0,35,0,0,0.25
Paul Millsap,106,1134,286,445,20.21456672835698,75,18.53326546303948,78,389,2431.5,157,0,0,2.41
Gary Neal,94,352,-21,129,25.19943944506937,28,27.24471979917038,20,63,533.4,16,0,0,0.75
DeAndre' Bembry,42,308,-99,121,15.778932022659108,54,27.19098168411029,22,44,600.2,114,0,0,0.0
Jarell Martin,16,135,56,49,16.336500665778953,25,17.373456137089992,26,37,375.5,58,0,0,0.0
Darrun Hilliard,24,188,-70,73,8.37209923664122,16,13.821580149563436,77,65,733.6,28,0,0,0.0
Tony Snell,198,1259,432,445,24.346846787479407,179,30.192503156328947,60,314,1821.0,280,1,0,47.06
Serge Ibaka,32,280,-95,113,9.840743838519014,39,17.68128076334139,67,61,896.7,120,0,0,0.0
Nene Hilario,2,18,-15,6,6.338090040927698,7,19.84583854355812,15,4,73.3,17,0,0,0.0
Jawad Williams,6,6,9,0,7.277660550458716,2,15.54912047889347,9,1,21.8,3,0,0,0.0
Kendrick Perkins,73,229,234,78,11.959004547751393,64,12.565012594738278,82,194,989.5,32,0,0,0.99
James Harden,54,259,-186,76,17.778769434963976,26,20.281731093508988,22,43,527.4,80,0,0,0.0
Henry Ellenson,59,353,-211,133,11.90989370400654,96,24.1116502073288,48,62,856.1,149,0,0,0.2
Joe Johnson,2,17,35,7,9.386039076376552,9,9.479386694264628,10,14,112.6,19,0,0,0.0
Jordan Farmar,0,20,-31,9,17.992507418397622,1,13.997681723836466,4,6,67.4,12,0,0,0.0
Jimmy Butler,0,0,-5,0,-14.69625,2,16.71365350772568,8,2,8.0,0,0,0,0.0
Mamadi Diakite,127,828,377,311,13.616038515735085,96,19.86440445379935,64,273,2129.0,157,1,0,2.12
Kristaps Porzingis,117,745,-472,274,14.977021829521831,90,18.374716215741955,69,365,1924.0,97,0,0,0.0
Charles Bassey,0,4,-15,2,6.406925795053002,2,9.375580047534095,19,4,28.3,2,0,0,0.0
Will Barton,31,346,-117,129,8.262642398634926,44,15.052656168831776,82,105,1230.7,68,0,0,0.5
Kobi Simmons,84,590,-107,253,24.999434256177867,37,13.372058354373342,61,242,1412.3,36,0,0,0.0
Landry Fields,106,843,-397,319,14.095440469031873,95,20.11268209818369,65,274,1995.6,114,0,0,0.1
Ish Smith,1,39,-48,14,6.347417647058826,4,11.06091311021708,38,10,170.0,10,0,0,0.0
Dalen Terry,367,1346,105,409,24.72841103341104,99,23.95531258016804,70,363,2059.2,178,0,0,24.76
Gabriel Deck,2,18,-50,7,6.795978351373857,5,8.885776247170991,58,18,120.1,12,0,0,0.0
Solomon Hill,4,10,-8,3,14.978536585365855,0,15.835126489756224,2,5,36.9,1,0,0,0.0
Nikola Mirotic,22,247,-36,91,18.493848378434205,17,19.33616611553176,17,58,484.1,28,0,0,0.0
Michael Kidd-Gilchrist,0,0,0,0,14.257979607256786,0,18.572275528227934,5,0,0.0,0,0,0,0.0
Harrison Barnes,24,132,-35,53,23.232758019525804,23,19.848914044049724,24,71,286.8,40,0,0,1.0
Franz Wagner,123,849,-190,318,17.213230222222222,70,22.159209912770333,68,247,1687.5,73,0,0,0.0
Shawn Marion,57,494,7,185,13.344261564339782,65,20.130458326435168,43,167,1189.0,124,0,0,0.0
Derrick Rose,48,344,23,113,22.84122004724941,14,21.045018557411744,47,108,592.6,22,0,0,0.0
Greg Brown III,18,126,-6,51,14.10981949458484,21,16.73277020581236,45,40,387.8,53,0,0,0.0
Jameer Nelson,35,401,-30,146,10.151950081833055,35,15.624583970973845,82,210,1222.0,71,0,0,0.0
DeMarre Carroll,33,388,55,146,10.61859483109483,66,21.91088350421341,56,74,982.8,105,0,0,0.0
Jonas Valanciunas,143,1279,-510,476,16.729477549307592,132,24.121670404024425,78,255,2383.0,175,0,0,0.39
Sasha Kaun,18,156,20,68,14.27409477263068,15,13.288961227310915,59,68,470.6,21,0,0,0.0
Doug McDermott,0,4,-17,2,7.916393442622951,1,10.095252705422151,5,3,18.3,0,0,0,0.0
Jacob Toppin,237,1314,67,510,24.73220258024195,179,24.01329160600368,75,617,2240.1,190,0,0,22.73
LeBron James,36,355,125,142,13.089124743910766,81,22.36007827601836,28,95,878.6,149,0,0,0.0
Nate Wolters,279,1282,272,421,18.53198491142625,135,27.28973021965356,82,124,2094.3,223,0,0,9.45
Jock Landale,70,345,-73,115,14.621503599310564,36,13.965164170391084,51,123,986.3,62,0,0,0.0
Bones Hyland,386,1301,238,421,21.374874875671377,93,21.76129935215566,66,265,2513.5,212,1,0,30.36
KJ McDaniels,51,401,-177,175,16.05837357367289,40,15.421769061636406,67,190,1209.4,44,0,0,0.0
Cassius Winston,13,206,-188,84,9.338935361216729,46,16.342536503616333,49,47,762.7,122,0,0,0.0
Kyrie Irving,72,291,33,101,16.800104181532756,59,20.66253406790167,23,73,700.7,142,0,0,0.33
Cartier Martin,13,59,-34,21,7.432531194295898,3,11.951438426461632,81,9,224.4,7,0,0,0.0
Robert Woodard II,0,11,-5,5,17.254670658682638,2,29.30903460640178,7,0,16.7,1,0,0,0.0
Bobby Portis,2,34,-4,16,12.72690176322418,6,23.3279152745458,5,19,79.4,5,0,0,0.0
Garrison Mathews,143,910,-430,347,13.028732018911573,173,24.01196121276685,79,281,1988.2,183,0,0,2.24
Anthony Tolliver,24,305,-112,108,12.292053890876565,40,14.609558962355235,36,89,894.4,75,0,0,0.0
Jimmy Butler,15,87,-53,36,18.730906344410883,7,20.67085441579035,50,50,198.6,4,0,0,0.0
Troy Daniels,45,346,38,113,14.060581236832324,36,19.046345399169525,46,56,806.9,93,0,0,0.5
Henry Sims,38,360,-160,161,17.580987588840564,32,15.419964979092311,79,175,942.7,40,0,0,0.0
Neemias Queta,60,327,-88,130,11.712209577999053,64,13.153029771550354,82,256,1265.4,31,0,0,0.0
Dwight Howard,124,949,-281,335,16.930878250838923,192,24.29435900360011,62,224,1907.2,376,0,0,5.35
Tomas Satoransky,153,992,-51,340,15.166053541641231,97,16.992860574262263,80,327,2457.9,162,0,0,0.0
Troy Murphy,1,3,8,1,11.563457943925233,0,13.696821165717926,4,0,10.7,2,0,0,0.0
Von Wafer,239,1193,-17,447,21.31487369841881,220,26.07157839003765,69,208,2074.4,488,0,0,12.24
Anthony Randolph,165,904,135,369,25.79561229000884,94,18.323750838193163,57,410,1809.6,92,1,0,2.13
Shaun Livingston,34,142,-51,47,9.20062986121702,25,12.139401040370766,41,56,655.7,88,0,0,0.0
Malik Beasley,158,763,36,300,17.114074498221925,94,22.94065561706833,82,388,1659.1,105,0,0,1.1
Taj Gibson,63,466,-16,189,12.845596407340397,115,16.748167162944835,81,169,1547.6,348,0,0,0.67
Brandan Wright,85,353,101,132,16.943194462755436,79,25.992670507146464,29,78,758.5,140,0,0,0.0
Cameron Bairstow,12,96,-21,36,13.596816074188558,10,22.90334764429062,15,21,194.1,8,0,0,0.0
Gabe Vincent,49,449,-85,193,18.093642346897827,96,19.629602360022776,46,160,1245.9,323,0,0,2.23
Langston Galloway,144,879,225,329,17.361464528069092,183,28.914604212506543,82,179,1621.0,349,0,0,8.11
Dominic McGuire,4,12,-2,4,18.841424148606805,1,14.90925493297222,10,5,32.3,2,0,0,0.0
Andrew Bynum,105,590,-87,212,10.91066510875427,78,17.95050047044308,82,157,1668.9,109,0,0,0.0
James Harden,21,196,22,72,9.083711447987456,31,17.316738709509046,68,74,573.9,22,0,0,0.0
Trae Young,3,9,3,2,6.16604240282686,1,16.691535562803114,20,0,28.3,3,0,0,0.0
Isaiah Canaan,97,555,236,201,18.01777777777778,78,17.265775829318414,69,153,1432.8,200,0,0,0.31
Stephen Curry,193,1321,455,480,16.535756894225113,117,19.96575436665544,81,223,2890.1,219,1,0,19.07
Jusuf Nurkic,225,1301,-277,500,20.051286876173062,183,30.563796917727444,74,164,2077.9,417,0,0,16.19
Thomas Robinson,66,467,94,169,13.379969757262234,38,15.853599354872186,72,176,1256.5,63,0,0,0.0
Greivis Vasquez,7,28,-24,9,8.206747279322851,7,19.555902917315983,15,9,82.7,11,0,0,0.0
Ben Gordon,121,872,104,356,27.003755274261607,58,25.300484342469616,41,234,1303.5,152,1,0,8.61
Justise Winslow,1,22,-13,10,10.755643879173292,3,18.35128973457486,30,9,62.9,4,0,0,0.0
DeMarcus Cousins,23,97,6,37,8.22145022738757,18,14.23913280046609,60,28,395.8,12,0,0,0.0
Dakari Johnson,96,627,-324,249,20.06497827782109,97,15.585790697171612,69,384,1795.4,214,0,0,0.0
Kyle Lowry,4,18,-5,6,19.876666666666672,0,14.73283496104561,26,12,58.8,11,0,0,0.0
Yuta Watanabe,2,40,-39,15,11.2642176330421,5,14.070215358094377,50,8,125.9,3,0,0,0.0
Nate Hinton,1,11,-6,5,8.134594594594594,5,18.35380715055896,14,7,40.7,3,0,0,0.0
Ben Simmons,49,429,-1,188,20.628969578849247,44,13.77479763224107,80,186,1180.1,96,0,0,0.0
Michael Redd,53,603,35,208,13.91828065947308,44,13.507560704673477,73,206,1825.7,93,0,0,0.0
De'Anthony Melton,20,164,17,56,13.83652978453739,17,18.33626564242349,57,51,394.5,36,0,0,0.0
Quincy Miller,8,19,-15,5,3.7318031189083833,0,10.831639136903844,18,11,102.6,4,0,0,0.0
Kyle Anderson,50,387,-88,168,20.81367574810184,49,16.066318387609364,74,257,895.6,33,0,0,0.0
Daryl Macon,46,309,-59,129,17.809273845348688,61,21.36130594562649,80,174,764.3,72,0,0,0.0
Ramon Sessions,5,42,-1,14,21.38984472049689,2,23.66280633992053,27,10,64.4,2,0,0,0.0
PJ Dozier,33,289,-244,117,13.607589560385035,51,15.138819906915874,50,108,1007.7,205,0,0,0.0
Thaddeus Young,14,52,-47,19,7.067093933463792,15,17.802492994567025,67,26,204.4,12,0,0,0.0
Anderson Varejao,20,107,-71,43,19.34627112417341,21,15.821191740931011,35,57,272.2,15,0,0,0.0
Kenyon Martin Jr.,152,818,97,288,25.482624079300606,46,20.68784775975564,63,287,1452.7,63,0,0,0.25
Justin Robinson,140,791,-6,260,20.023782703715263,126,21.52191974861417,49,212,1601.5,338,0,0,0.67
Marvin Williams,29,191,-2,63,7.707023603914795,27,13.387538368629867,82,41,694.8,43,0,0,0.0
Vernon Carey Jr.,91,779,-428,344,18.045152445593608,114,20.40821353852288,80,326,1856.4,113,0,0,2.62
Monta Ellis,121,827,548,284,22.72247395833333,99,23.22810842897851,51,141,1497.6,305,1,0,7.1
Dwyane Wade,43,434,-46,157,11.91742806811509,73,13.813137979887028,79,194,1362.4,121,0,0,0.0
Miroslav Raduljica,42,517,57,197,13.160599915504864,62,20.81100984645927,77,128,1183.5,120,0,0,0.0
Gorgui Dieng,4,38,19,17,16.63031796502385,8,14.05191999537834,12,22,125.8,6,0,0,0.0
Timothe Luwawu-Cabarrot,5,47,26,21,21.64158671586716,6,13.301144676559613,60,36,135.5,3,0,0,0.0
Viacheslav Kravtsov,29,71,15,20,17.14121081081081,8,18.916542773903064,50,22,185.0,30,0,0,0.0
Joel Anthony,28,172,36,59,10.918889084507038,32,17.791326381940337,66,48,568.0,86,0,0,0.0
Edmond Sumner,405,1841,316,642,28.00948336466934,178,30.05076508378044,68,252,2446.6,472,1,1,79.67
Jonathan Isaac,37,304,-212,114,9.395798371947402,69,17.077302050103125,71,86,958.2,127,0,0,0.0
Willie Reed,51,287,-53,114,16.925329059829053,32,18.005664553709096,80,73,702.0,33,0,0,0.0
Meyers Leonard,45,346,-180,133,14.055401726427633,45,17.134365890088034,62,124,903.6,53,0,0,0.5
Patty Mills,120,1045,41,399,14.6580245398773,140,18.27470488949122,82,216,2689.5,231,0,0,0.14
Thaddeus Young,47,435,154,179,12.461512846023291,84,12.039470514295134,75,188,1708.7,180,0,0,0.0
Acie Law,16,54,-63,19,7.320966090850929,9,19.55761564902747,12,14,156.3,11,0,0,0.0
Enes Freedom,15,52,-16,17,9.217646579804562,9,23.64557604870211,24,14,122.8,5,0,0,0.0
Joel Przybilla,71,660,48,251,12.236755833807631,64,17.74058368279597,58,133,1757.0,88,0,0,0.0
Davis Bertans,5,61,-81,22,7.15431496062992,9,9.78196706785342,45,26,381.0,21,0,0,0.0
Josh Hall,51,303,-107,126,17.32351117191062,43,12.57123105463022,79,142,877.2,33,0,0,0.0
Montrezl Harrell,114,526,22,206,19.34301389383684,64,12.788865082969158,81,375,1684.2,88,0,0,0.0
Lazar Hayward,26,178,-111,76,14.12970054757016,26,16.556686160154726,36,105,584.4,19,0,0,0.0
James Bouknight,33,383,31,128,10.152217714088398,44,15.944369990128529,82,86,1158.4,77,0,0,0.0
Jordan Adams,4,65,5,23,9.32650038080731,6,10.735363163564813,34,40,262.6,6,0,0,0.0
Chase Budinger,55,525,0,189,11.32283065080476,58,13.514931873656147,71,213,1714.8,93,0,0,0.0
Mamadi Diakite,0,0,0,0,14.257979607256786,0,18.572275528227934,1,0,0.0,0,0,0,0.0
Norman Powell,22,527,-38,198,13.687686088408476,64,21.25895149283258,47,109,1137.9,121,0,0,0.0
Sasha Vujacic,8,80,-53,32,13.782205547976352,10,15.57674179361192,67,20,219.9,17,0,0,0.0
Khris Middleton,0,0,3,0,5.3894,0,0.0,11,3,5.0,0,0,0,0.0
Rondae Hollis-Jefferson,8,75,-13,25,6.0852109628561095,13,12.766610615907704,71,15,277.3,11,0,0,0.0
Craig Smith,81,262,19,89,25.07403976403758,39,23.907493256221954,82,122,457.7,33,0,0,0.0
Carmelo Anthony,448,2027,657,721,29.067917453266706,225,29.09751456074088,78,464,2701.5,457,1,1,95.39
Eric Bledsoe,54,282,-171,114,15.630465841633969,40,13.348983646530534,35,203,993.9,45,0,0,0.0
Jaylen Morris,29,143,-44,51,16.85392914653784,12,26.63979704976706,43,23,248.4,20,0,0,0.0
DeMarre Carroll,5,45,-84,19,8.204896302975657,10,10.343873658461222,13,14,221.8,11,0,0,0.0
Carmelo Anthony,4,22,-6,9,13.95700598802395,0,21.035768839131443,23,10,50.1,0,0,0,0.0
Georgios Papagiannis,37,291,-14,101,16.268133105315655,31,16.829503985094213,50,57,701.7,109,0,0,0.0
D'Angelo Russell,1,23,-56,11,3.55287717330342,3,9.111144611671673,55,20,178.3,4,0,0,0.0
Erick Green,127,706,-155,236,21.782016282010748,70,23.57185785355077,38,170,1265.2,257,0,0,1.94
Omri Casspi,40,243,-101,101,21.77981156316916,38,19.9992129423012,66,79,467.0,37,0,0,0.0
David Johnson,3,86,-69,31,11.29556526642233,8,10.208933440817429,30,44,354.7,5,0,0,0.0
Chris Andersen,19,53,-118,17,5.190861321776811,17,8.764190782985752,59,51,369.2,4,0,0,0.0
Tyrell Terry,94,512,11,197,19.676456030754448,66,29.81762725863336,82,162,832.4,61,0,0,2.84
Aaron Brooks,204,919,-226,305,15.427035812043792,135,23.95890239813628,71,258,1753.6,157,0,0,0.0
Dwyane Wade,0,6,4,2,35.715645161290325,1,21.31900565347522,6,0,6.2,0,0,0,0.0
Kevin Knox II,0,0,0,0,14.257979607256786,0,18.572275528227934,4,0,0.0,0,0,0,0.0
Jimmer Fredette,35,210,-47,75,8.650136356899365,24,17.93236281922069,50,78,674.7,55,0,0,0.0
Terry Taylor,30,107,-13,32,31.306140350877182,7,30.120220189497783,6,11,125.4,14,0,0,0.0
Dorell Wright,7,45,-29,15,10.727731660231656,0,21.42515262181396,23,12,103.6,9,0,0,0.0
Shawne Williams,13,207,-29,80,14.950815719430093,36,13.82850600452559,67,118,638.7,40,0,0,0.0
Kalin Lucas,9,99,-11,43,6.15469252360296,35,18.28102917645576,82,41,391.9,63,0,0,0.0
Dorell Wright,77,434,-240,166,14.593904424439762,49,19.37413315743112,66,149,1044.2,41,0,0,0.0
Marcus Thornton,133,964,66,368,16.156030418648413,99,22.154455855173808,75,248,1913.3,100,0,0,0.14
Jalen McDaniels,3,79,-32,38,9.953817619783615,43,10.49801557397229,39,162,582.3,49,0,0,0.5
Zylan Cheatham,8,37,-13,13,9.638504983388705,8,19.08670036955401,20,15,120.4,13,0,0,0.0
Caris LeVert,23,126,-20,46,14.417962521294715,19,19.397755866663985,25,43,293.5,9,0,0,0.0
Luis Scola,27,327,29,114,12.156095505617976,62,13.20457219556104,47,111,1174.8,173,0,0,0.0
Michael Kidd-Gilchrist,111,686,-70,231,14.30060753341434,73,20.378159375285765,54,89,1481.4,121,0,0,0.0
Shelvin Mack,137,938,-156,325,15.700328714622644,65,18.199221534952496,82,190,2035.2,110,0,0,0.0
Mike Bibby,11,45,-7,17,14.915994983277592,6,18.58779693371449,39,17,119.6,6,0,0,0.0
Justin Jackson,0,7,-12,3,7.69728260869565,0,14.031173321183294,6,5,46.0,4,0,0,0.0
DeMar DeRozan,10,69,-27,25,13.731140443505812,6,10.123393003161857,49,39,284.1,24,0,0,0.0
Greg Smith,149,990,149,375,15.434695925704016,102,23.506166963637128,82,180,2002.8,124,0,0,0.0
Juwan Morgan,8,54,-17,23,15.62754852624012,12,18.662273151685323,35,23,139.1,4,0,0,0.0
Stanley Johnson,26,319,76,110,7.583449693290332,73,11.360371042087287,81,137,1581.3,170,0,0,0.0
Dwight Powell,127,597,19,235,20.27949330342416,88,18.38819634255112,54,312,1515.7,214,0,0,0.0
Lou Williams,23,273,30,101,9.845319099559068,55,17.986069705357075,47,63,861.8,139,0,0,0.0
Bol Bol,312,1460,-377,525,21.73206741679273,167,29.96052892979913,68,129,2115.2,262,0,0,19.09
Tyus Jones,28,222,53,77,10.255284756017364,25,14.6935647922958,82,37,760.3,72,0,0,0.0
LeBron James,28,303,116,103,13.90612555720654,32,15.810955948049592,81,76,807.6,46,0,0,0.0
DeMar DeRozan,14,93,1,38,4.916006411724298,25,14.081197688908953,46,43,436.7,26,0,0,0.0
Kosta Koufos,0,0,0,0,14.257979607256786,0,18.572275528227934,1,0,0.0,0,0,0,0.0
DeMarre Carroll,110,720,8,262,14.912887987175637,75,16.348194238375623,75,312,1996.2,80,0,0,0.0
Kyle Korver,30,181,37,65,10.9564518478063,33,18.80230443962223,61,48,549.3,84,0,0,0.0
Rudy Gay,0,20,19,8,8.0141961414791,2,17.178929210153143,19,9,62.2,5,0,0,0.0
Drew Eubanks,339,1560,48,576,17.241478859260233,264,26.10255415707069,82,257,3022.6,471,0,0,21.13
Draymond Green,177,942,-191,337,17.335829172610556,146,26.26999985356329,56,139,1682.4,277,0,0,0.67
Brook Lopez,2,8,18,3,19.314076433121027,1,24.816526719854657,10,3,15.7,1,0,0,0.0
DeJuan Blair,54,632,255,249,19.881954950303346,46,16.68212778277784,74,159,1549.4,324,0,0,2.01
Rudy Gay,4,7,-6,1,46.77700000000001,1,38.26510812713047,5,0,5.0,0,0,0,0.0
Cade Cunningham,4,80,-45,32,6.944705223880593,10,15.83634846202566,36,26,268.0,13,0,0,0.0
Arron Afflalo,0,3,-23,1,-3.2369343065693434,1,12.75907019478782,14,3,27.4,0,0,0,0.0
Malik Monk,16,83,-100,28,6.13214098360656,19,16.726879520397457,50,34,305.0,25,0,0,0.0
Nate Robinson,7,223,-135,78,13.319907763259035,22,17.996506753850902,21,58,520.4,30,0,0,0.0
Tyler Zeller,143,1055,489,446,19.63991795366795,125,18.156722208311137,80,395,2486.4,43,0,0,25.95
Christian Koloko,15,220,-143,78,4.3737068554159375,31,9.14364344107804,58,51,1257.4,51,0,0,0.0
Ivica Zubac,81,473,-5,165,11.994028947119482,64,23.244095312708662,53,157,1057.1,46,0,0,1.95
Austin Rivers,110,536,-88,188,16.02998331108144,84,22.20311261162564,39,102,1198.4,224,0,0,0.67
Patrick Beverley,11,55,18,20,15.283104866346807,13,22.42830744061164,11,14,145.9,25,0,0,0.0
Juancho Hernangomez,17,157,-67,56,13.28709255745309,33,16.245756682016015,31,52,474.3,73,0,0,0.0
Daniel Gafford,21,181,-67,72,12.15258114614071,16,11.58309325520435,46,67,643.9,26,0,0,0.0
Ronnie Brewer,54,323,82,131,23.763866317169075,27,20.49937402609829,36,124,610.4,18,0,0,0.07
Gary Clark,3,15,7,5,15.782760416666669,0,17.85206553941849,4,9,38.4,5,0,0,0.0
Michael Carter-Williams,3,139,-280,66,8.792529697624193,47,12.42597176921354,46,65,740.8,145,0,0,0.0
Landry Shamet,292,1523,653,551,26.709240208438395,105,25.961870912969715,79,398,2379.6,186,1,1,69.58
Chuck Hayes,8,46,2,19,17.295568685376665,3,15.225403702205512,43,20,135.4,5,0,0,0.0
Vit Krejci,34,314,-101,140,17.80765375330497,40,15.560036794929216,82,138,869.9,16,0,0,0.0
Wenyen Gabriel,94,578,157,242,21.532412014098178,45,10.706312317726283,82,486,1957.7,207,0,0,5.92
Jordan Clarkson,226,1002,-114,388,22.93134164089504,170,19.342674013542645,78,644,2198.8,104,0,0,17.24
Kenneth Faried,167,868,-495,307,12.980456553755523,212,26.67419731475273,66,141,1765.4,336,0,0,5.86
Nigel Williams-Goss,31,217,-157,85,9.047497255762895,32,16.639537170187243,40,75,728.8,27,0,0,0.0
Sundiata Gaines,37,241,163,88,15.442110105580694,45,18.57817280543274,22,67,663.0,137,0,0,0.33
Blake Griffin,46,787,449,297,18.878267513830306,61,17.30234498272312,82,195,1825.7,281,0,0,1.55
Chris Andersen,26,229,-85,92,8.84224927174365,41,12.899094787017509,59,66,961.2,81,0,0,0.0
Sindarius Thornwell,78,461,28,153,17.505099960799686,74,16.148023703691702,43,90,1275.5,330,0,0,1.73
Miles Bridges,36,104,-139,34,9.100503112033197,44,8.888383686534254,66,171,771.2,17,0,0,0.5
Alan Williams,7,108,39,41,11.231577480490522,13,14.745272203193576,73,27,358.8,15,0,0,0.0
Rajon Rondo,86,549,60,184,17.096928401138204,71,17.52935518869136,73,261,1300.3,116,0,0,0.0
Russell Westbrook,0,0,-6,0,8.170555555555556,0,0.0,4,3,5.4,0,0,0,0.0
Jack White,34,262,94,101,12.330741779647813,37,20.664074233838097,22,92,641.7,34,0,0,0.0
Marreese Speights,27,147,-12,60,21.15206158663883,22,14.443582061676937,43,59,383.2,17,0,0,0.0
Cam Thomas,81,565,-251,199,18.69351791530945,63,24.834743429435168,30,81,921.0,71,0,0,0.0
Willie Reed,108,696,91,247,17.305919847782143,60,16.103404733386974,77,286,1681.8,97,0,0,0.0
Danny Green,44,425,-92,163,10.413604395604391,61,17.99838336186042,73,228,1274.0,88,0,0,0.0
Brice Johnson,166,1114,232,474,25.88440654600436,94,18.27193052854138,68,550,2248.7,96,0,0,12.71
Jacob Gilyard,3,26,-23,9,6.738319856244388,3,12.67969625049306,11,11,111.3,6,0,0,0.0
Robin Lopez,30,144,-168,57,7.732475740233889,38,11.44071257906562,79,87,803.8,31,0,0,0.0
James Johnson,21,237,13,92,16.133117225782136,7,17.08744055618235,29,47,530.6,28,0,0,0.0
Reggie Williams,35,258,-43,101,14.977602751808083,33,22.53447665263418,19,51,566.9,75,0,0,0.0
Wesley Matthews,170,974,-197,342,19.790403662089048,85,25.23812889866232,57,396,1682.1,75,0,0,3.61
Nick Young,63,486,56,182,16.102690343546886,50,25.44266508828228,80,85,861.6,27,0,0,0.0
Rodney Stuckey,110,517,162,202,20.99410124837252,84,14.7640167337467,69,335,1305.7,45,0,0,0.0
Rondae Hollis-Jefferson,14,84,-67,33,6.7473068309070525,33,17.99359012661135,50,19,357.2,58,0,0,0.0
Josh Jackson,36,407,21,153,11.636138976837191,54,16.51571216764215,71,218,1200.2,73,0,0,0.0
Nik Stauskas,168,952,204,319,19.46015506690177,121,21.89843043551945,56,185,1928.2,357,0,0,3.89
Damion Lee,37,376,-164,145,11.147044426314617,55,14.165414007739836,81,139,1348.3,80,0,0,0.0
Julius Randle,87,359,-215,136,11.95781271129142,91,19.49971426883208,68,103,887.4,27,0,0,0.0
Shabazz Napier,111,573,-40,211,14.28702321111768,55,20.72007190053844,46,144,1352.8,98,0,0,0.0
Jon Teske,4,41,-19,15,8.059024539877301,5,12.169889184189577,10,12,163.0,7,0,0,0.0
Jared Jeffries,45,372,-225,153,14.423034851182903,60,22.04802808696392,79,51,786.2,73,0,0,0.0
Shai Gilgeous-Alexander,29,282,-43,106,10.201517690875232,36,11.985771507401498,76,79,1074.0,77,0,0,0.0
Jemerrio Jones,113,1085,296,423,17.876878771706554,89,18.31981331432916,78,357,2435.9,186,0,0,3.91
Marco Belinelli,1,17,-7,7,1.5214028314028334,4,14.691764280984769,10,11,77.7,2,0,0,0.0
Jared Dudley,0,0,-5,0,-12.267142857142856,0,10.58978771204931,13,0,4.2,0,0,0,0.0
P.J. Tucker,51,229,46,77,16.640248540764443,42,19.042855030275792,30,47,531.1,77,0,0,0.0
Aleksej Pokusevski,102,428,-94,132,12.749632916121802,56,18.65085396836962,72,100,1070.6,122,0,0,0.0
Vit Krejci,2,38,-16,18,14.287666999002983,5,15.48491047057835,71,16,100.3,0,0,0,0.0
DeAndre Jordan,2,67,-52,26,8.738101796407186,13,21.166300858778783,51,25,167.0,6,0,0,0.0
T.J. Warren,0,2,10,1,11.44090909090909,0,10.077274107783808,5,3,13.2,0,0,0,0.0
Goran Dragic,30,286,45,105,12.037014242115973,28,18.66068090654992,36,91,786.4,27,0,0,0.0
Luguentz Dort,121,598,-14,220,11.634844532432748,133,18.7198955870154,82,189,1717.4,233,0,0,0.0
Cody Demps,55,425,-3,158,13.51353537341336,51,19.321416654013625,81,79,1016.3,69,0,0,0.0
Kyle O'Quinn,83,499,109,201,12.229563765696444,65,18.6549688165601,65,142,1377.7,107,0,0,0.0
Marcus Morris Sr.,286,1091,320,402,21.423268727082245,134,18.838170386423087,79,426,2290.8,149,0,0,33.5
Ivica Zubac,311,1137,435,413,23.25440484000292,147,16.824464284846528,82,721,2743.8,97,0,1,62.48
Marvin Bagley III,89,976,102,358,13.551332047851414,73,16.95545916563822,77,448,2541.2,96,0,0,0.5
Taurean Prince,86,602,146,205,12.875562370006929,62,12.652616480803635,77,210,1875.1,78,0,0,0.0
Aaron Gray,51,411,15,151,14.832581742374376,33,20.063795195159106,70,44,911.4,81,0,0,0.0
Joel Bolomboy,26,562,421,214,18.012503161282904,48,12.09870387642254,67,331,1739.8,168,0,0,1.57
Matt Bonner,106,652,-356,239,11.704034099858246,111,12.723689587991313,82,347,2539.6,177,0,0,1.43
Serge Ibaka,16,57,11,19,12.966064814814818,3,17.368592944380975,24,10,151.2,19,0,0,0.0
Ryan Arcidiacono,0,5,-6,2,1.7835612535612533,2,10.079010235902514,6,3,35.1,0,0,0,0.0
Cameron Johnson,18,305,-31,111,11.464557262040197,33,12.556621196156808,79,160,1054.8,57,0,0,0.0
James Ennis III,5,69,-51,26,10.798729189789125,11,18.10064637412881,15,20,180.2,10,0,0,0.0
Tony Allen,39,323,-45,117,8.554191678354373,58,16.899627674993038,54,89,1069.5,112,0,0,0.0
Terry Taylor,35,219,-182,78,13.275473989487038,32,17.97825740414375,27,46,551.7,37,0,0,0.0
Kentavious Caldwell-Pope,15,124,114,46,14.386541141340413,28,11.485985772733237,40,79,602.8,114,0,0,0.0
Al Horford,180,1063,179,406,15.339265077493264,129,20.589779494037582,78,386,2374.4,126,0,0,1.42
Xavier Silas,84,437,219,153,17.324753589890864,57,22.74674115932615,63,144,870.5,65,0,0,0.0
Rashard Lewis,164,1226,323,466,16.604195716236617,144,19.4759846861792,82,340,2782.6,298,0,0,1.06
Killian Hayes,61,798,127,319,18.181677527646134,80,17.62794319654665,69,353,2025.6,270,0,0,0.93
Shaun Livingston,9,65,-46,26,6.888511966701348,13,15.688774555459672,25,64,288.3,17,0,0,0.0
Nick Collison,160,682,-15,222,16.0101725229503,70,24.80959773493789,64,93,1263.6,110,0,0,0.08
Taj Gibson,2,57,-9,24,10.768328595793063,12,16.123428119634152,46,22,175.9,8,0,0,0.0
Sam Merrill,28,313,-67,114,11.6649522417154,36,14.757037650535043,73,130,1026.0,69,0,0,0.0
Luke Kornet,2,12,12,5,6.458905579399139,4,17.086396987688847,82,6,46.6,0,0,0,0.0
Mo Bamba,84,857,-353,361,18.84910061683359,116,27.73782913288832,73,300,1507.7,127,0,0,3.5
Jae Crowder,6,35,29,14,6.596464011180993,18,9.008312430724605,82,40,286.2,11,0,0,0.0
Ivica Zubac,6,28,-13,10,25.09233269598471,6,22.773294545535467,14,10,52.3,2,0,0,0.0
Rudy Gay,121,904,-84,369,24.303080835324035,126,31.83100635546029,59,94,1297.7,278,0,0,8.21
Amile Jefferson,191,1057,-321,397,13.185245155416826,138,22.627521546563383,76,210,2306.7,206,0,0,0.49
Josh McRoberts,225,1019,-124,340,20.977030183140823,101,26.136094377438667,60,151,1567.1,109,0,0,5.45
Andrea Bargnani,13,241,149,91,10.952339328915537,39,11.239695319594178,38,124,950.7,72,0,0,0.0
Stephen Curry,26,172,-89,56,9.432905464006938,33,18.12283576846129,56,52,576.5,69,0,0,0.0
DeMarcus Cousins,478,2370,319,804,35.888708128501214,282,36.12159008198788,70,588,2624.1,686,1,1,92.86
Chris Boucher,35,201,-75,77,19.17065816442724,19,18.786208541097945,39,82,439.1,23,0,0,0.0
Mo Williams,9,64,2,26,9.135100581135458,16,20.46898421878974,42,20,223.7,41,0,0,0.0
Glen Rice,183,946,-94,326,16.264113130156915,101,17.825478127742787,80,252,2096.7,137,0,0,0.0
Josh Christopher,24,210,-87,79,7.566499402628436,15,13.067546176949907,48,61,837.0,30,0,0,1.0
Corey Brewer,137,1018,-229,361,14.924159223634488,97,19.068661040380785,77,220,2328.8,145,0,0,0.17
D.J. Wilson,38,488,-182,182,11.881198126707432,66,15.531009211781896,61,188,1537.4,123,0,0,0.0
Malaki Branham,42,639,63,248,15.642405451691165,42,17.95473201559484,82,116,1401.4,73,0,0,0.0
JJ Redick,50,464,114,176,15.390508637236085,42,17.456943564176058,80,153,1146.2,78,0,0,0.1
Evan Turner,3,16,-25,6,8.623250000000006,4,24.736729843658782,14,7,44.0,2,0,0,0.0
Lindell Wigginton,48,256,-177,92,11.043430112462705,42,13.956770163147503,72,154,871.4,50,0,0,0.0
Kelly Olynyk,19,218,-217,81,6.514333737864077,43,15.30661292210486,62,118,824.0,46,0,0,0.0
Shaquille Harrison,0,5,4,2,38.67566666666667,0,28.06008771084956,1,0,6.0,3,0,0,0.0
Ryan Arcidiacono,150,814,-189,332,17.49170153267007,128,20.89465626576155,79,426,1859.5,96,0,0,0.8
Jae Crowder,22,169,-29,57,13.458927517909816,14,14.366884640963018,32,55,474.6,30,0,0,0.0
Pablo Prigioni,9,94,-16,37,16.80281095890411,12,22.83685776898644,40,25,182.5,18,0,0,0.0
Shake Milton,99,1075,191,414,18.87027446163295,44,15.169654608354982,80,396,2605.1,121,0,0,1.43
Adreian Payne,150,980,273,332,20.1874802668432,57,21.40676279512744,62,247,1963.7,54,0,0,1.33
Justin Robinson,39,226,19,86,17.836045349730973,23,18.124913733354727,44,98,520.4,26,0,0,0.93
Anthony Tolliver,203,1131,158,410,13.037647470680906,140,18.4771044337508,82,313,2856.5,201,0,0,2.95
Jason Richardson,6,12,27,3,1.3091397849462398,11,20.90727010046508,31,15,55.8,1,0,0,0.0
Mario West,132,660,112,264,17.40268917281639,100,15.768282787728266,79,369,1815.8,104,0,0,0.0
Cory Joseph,162,963,-638,338,10.497704249501831,114,22.464800406424217,75,274,2157.9,82,0,0,0.35
Jeff Teague,37,292,-240,117,16.892396241190287,43,17.92604616771754,50,169,766.2,39,0,0,0.57
Eric Gordon,194,1320,212,442,19.972363119415107,170,23.89006790750393,67,245,2462.0,434,1,0,8.8
Eric Bledsoe,67,476,57,203,16.227715924426455,60,20.82658026476448,52,213,1185.6,56,0,0,0.0
Raul Neto,132,1359,110,508,13.095434604904636,157,21.89713458258552,82,274,2936.0,183,0,0,9.36
Pau Gasol,88,485,-117,189,20.89394879751745,57,19.68492187177037,80,230,1031.2,72,0,0,0.0
JaVale McGee,38,313,-109,137,19.41483719105532,51,18.78367298239866,81,171,764.7,21,0,0,0.0
Louis King,2,2,-6,0,12.661549295774646,1,18.21371868473776,27,1,7.1,1,0,0,0.0
Khyri Thomas,14,146,6,55,16.074375000000003,10,25.526563840447547,41,72,296.0,6,0,0,0.11
Aron Baynes,112,555,101,202,18.87124803218472,73,22.16500590620988,38,180,1143.4,105,0,0,0.0
Christian Braun,30,288,-7,102,16.85581813511431,32,15.710077615828066,76,135,778.6,57,0,0,0.0
Dakota Mathias,0,0,5,0,0.7377922077922093,0,11.008165566420754,6,1,7.7,2,0,0,0.0
Andre Miller,2,4,20,1,10.33348993288591,0,18.96727347510213,4,1,14.9,1,0,0,0.0
John Wall,47,470,-60,182,9.72283204852774,28,13.994918964693118,82,118,1582.6,55,0,0,0.0
Dylan Windler,225,1169,294,471,17.404263521288833,150,23.273312785326453,82,544,2607.0,108,1,0,11.5
Arnett Moultrie,5,36,14,15,13.960933098591552,4,13.691050240875038,17,19,113.6,4,0,0,0.0
Mike Muscala,214,810,-54,280,17.370302321396434,115,21.93461711494808,82,178,1667.1,239,0,0,0.0
Ryan Anderson,156,1018,-210,371,15.886226475620193,177,26.355386460541546,77,166,1870.4,263,0,0,1.1
Justin Jackson,64,672,274,222,14.8464197217104,55,16.110880918486576,74,156,1573.9,88,0,0,0.0
E'Twaun Moore,26,145,-107,59,21.930186880244086,14,20.052029916094263,36,55,262.2,14,0,0,0.0
Treveon Graham,80,467,-131,180,17.295373716632437,48,23.191246532989293,27,174,974.0,56,0,0,0.93
Montrezl Harrell,145,745,144,300,15.567011107224063,119,15.900439647269575,73,454,2286.8,42,0,0,5.37
Ed Davis,1,55,-67,23,8.336275051831372,34,15.81052363295531,33,39,289.4,67,0,0,0.0
Enes Freedom,28,306,-85,118,8.017683978132885,48,17.706050242353196,81,65,951.2,68,0,0,0.0
Grant Hill,5,55,-7,20,15.808060179257364,5,15.979965932248128,27,22,156.2,20,0,0,0.0
David Stockton,68,250,-35,76,11.169019725944889,48,20.88764757864273,82,60,664.1,68,0,0,0.0
Delon Wright,7,90,-90,35,4.878352353780314,37,13.394850345369775,62,35,420.6,47,0,0,0.0
Mo Williams,14,46,20,16,21.367700729927,4,21.862834425910886,4,9,82.2,3,0,0,0.0
Gorgui Dieng,73,611,31,269,17.569183538732396,92,21.77979886564557,66,197,1363.2,78,0,0,0.0
Vernon Carey Jr.,0,15,-6,6,10.637413793103452,4,22.145607802340468,4,2,29.0,1,0,0,0.0
Reggie Perry,4,44,-60,20,4.957422248803831,21,17.802535659448672,25,30,167.2,8,0,0,0.0
Jeff Green,65,370,52,128,14.362444336412253,44,16.083255958325505,79,94,1028.5,121,0,0,0.0
Gorgui Dieng,56,347,83,111,16.54884151540992,47,19.764463101806527,50,238,820.9,76,0,0,0.0
Chris Chiozza,29,129,15,50,9.538267625231908,27,17.401405019511664,33,63,431.2,12,0,0,0.0
Richard Solomon,395,1399,-12,470,22.31540324210696,132,24.55122803083812,82,279,2473.7,321,1,0,15.87
Dante Cunningham,53,396,-55,145,13.979591795288387,33,17.701678365580268,39,94,984.8,62,0,0,0.0
Jeff Adrien,1,42,28,15,11.194682692307692,3,20.94618334374824,18,11,104.0,5,0,0,0.0
Wayne Ellington,17,91,-5,33,6.3404849547180815,14,16.08882720862845,49,44,342.3,16,0,0,0.0
Dru Smith,29,189,5,75,15.882728831725617,23,18.02131176817289,81,57,466.5,34,0,0,0.0
Hamed Haddadi,59,435,185,188,20.83549247907357,41,10.19175944146184,61,288,1588.9,53,0,0,0.5
Glen Davis,11,224,56,91,12.335112204724412,33,21.10645124239821,70,40,508.0,49,0,0,0.0
Jeremy Evans,116,1509,163,546,20.047884066874367,123,26.50941205243498,73,247,2278.9,163,0,0,14.42
Damian Jones,234,1075,-188,378,17.655986028509396,100,26.129239058711835,63,185,2118.6,318,0,0,1.24
Paul George,126,668,92,213,13.161651471880491,88,18.779764751881075,82,135,1820.8,193,0,0,0.0
Mfiondu Kabengele,1,13,-38,4,8.32478359908884,5,19.267545869054644,42,6,43.9,2,0,0,0.0
Troy Daniels,109,696,-292,252,24.24774929577465,65,28.040280970603064,31,100,1065.0,198,0,0,6.39
Josh Smith,25,889,291,320,13.370743133396076,54,14.680554967480209,79,249,2337.4,108,0,0,0.0
Gerald Henderson,84,490,-187,203,24.56605638529955,46,13.91924369397796,45,230,1191.8,69,0,0,0.0
Ish Smith,22,134,-23,48,15.84212224635433,13,19.21898871430912,20,49,322.3,30,0,0,0.0
Zion Williamson,4,20,5,7,19.628355795148245,2,24.52219874075628,15,2,37.1,7,0,0,0.0
Kyle Korver,0,0,-8,0,2.4763207547169808,0,7.699712156596491,5,4,10.6,1,0,0,0.0
Mason Plumlee,7,32,-69,11,9.034918981481484,7,26.08685837953704,7,8,86.4,12,0,0,2.96
Jerryd Bayless,24,186,70,67,10.197209419680403,19,14.127950674512515,82,62,594.5,23,0,0,0.0
Thomas Bryant,5,25,4,8,9.101425976385109,4,13.801240224276784,50,17,110.1,8,0,0,0.0
Cody Zeller,56,880,241,326,14.09228778937812,80,13.87802697222948,81,253,2643.6,150,0,0,0.0
Avery Bradley,50,359,27,137,13.762573460351534,37,25.798187791106937,54,106,745.3,43,0,0,0.0
Salah Mejri,230,1237,-2,466,15.126368114643975,144,21.666248631499737,82,314,2902.9,222,0,0,0.51
David Nwaba,18,84,55,29,8.662431340872368,7,19.718425299538875,56,46,247.6,7,0,0,0.0
Norris Cole,5,29,5,12,18.58150769230769,7,18.3898441305298,13,4,65.0,2,0,0,0.0
JJ Redick,52,370,-51,159,15.95438476906804,51,22.6270219489944,52,158,850.9,17,0,0,0.0
Archie Goodwin,26,274,-55,96,12.505794962831464,40,13.450290418341163,51,120,901.3,94,0,0,0.0
Jared Jeffries,36,430,149,151,13.19957998622906,54,13.755761566294783,65,311,1307.1,49,0,0,0.0
Maurice Harkless,313,1216,277,371,26.088089929742384,195,25.228256127611825,62,314,2135.0,618,0,1,73.41
Kyle Lowry,5,26,1,9,8.80363453815261,4,16.159103223726476,26,14,99.6,3,0,0,0.0
Zaza Pachulia,0,2,-8,1,-0.756271186440679,1,15.218356894842502,5,1,11.8,0,0,0,0.0
Kendall Brown,87,678,-83,264,15.003730283416072,88,19.171283050972555,81,144,1591.3,230,0,0,0.0
Semih Erden,91,555,329,197,18.47598624459924,99,23.676969259397787,59,120,1134.1,177,0,0,0.89
Francisco Garcia,0,10,-17,5,8.076014492753625,7,14.792226898902069,25,5,41.4,2,0,0,0.0
Iman Shumpert,79,312,-6,101,11.299689937226551,39,14.762506454518482,81,125,1051.4,48,0,0,0.0
Domantas Sabonis,105,532,-404,183,13.754585670666762,110,21.45598149151265,58,85,1408.3,307,0,0,0.28
Tony Snell,1,8,-6,3,19.77416974169741,0,9.026753634651346,25,3,27.1,4,0,0,0.0
Aaron Holiday,202,1102,-329,406,19.79810431160545,160,20.292569401962417,79,456,2256.7,286,0,0,4.77
Marvin Williams,155,685,-268,265,24.09065041669277,87,15.77390382562736,56,354,1595.9,205,0,0,2.14
Jett Howard,24,179,53,58,8.707411019015117,18,9.833652273720231,67,79,820.4,34,0,0,0.0
Tristan Thompson,5,27,-16,10,4.03217096336499,4,26.45147265832502,5,6,73.7,3,0,0,0.0
Ryan Anderson,124,915,-21,329,12.273230644871566,88,17.648728887393318,73,193,2226.8,119,0,0,0.0
Maxi Kleber,59,286,-40,113,17.78464172169234,54,16.82191169765207,80,197,817.8,39,0,0,0.0
Spencer Dinwiddie,77,704,-8,280,17.87460174163138,65,25.17254157430581,68,134,1251.7,132,0,0,0.0
Shaquille Harrison,157,1250,311,474,26.3156436015902,125,28.15882782438498,59,200,1861.4,384,0,0,25.69
Jordan Crawford,30,299,-132,113,10.295434005986287,66,16.464304954638365,69,96,1035.7,190,0,0,0.0
Sam Dekker,147,900,-132,340,16.548652159162504,114,19.93169247574564,78,129,2063.3,312,0,0,0.32
KJ McDaniels,26,125,-90,48,9.562672222222222,17,21.247272657040657,48,44,360.0,19,0,0,0.0
John Collins,52,352,-65,150,14.871272220285816,54,20.43989843374533,80,194,860.7,31,0,0,0.59
Anfernee Simons,107,494,-11,170,14.694990082176265,60,22.59780847827513,82,173,1058.7,67,0,0,0.0
Francisco Elson,28,160,-22,61,17.196794833283267,15,20.49543220194141,42,34,332.9,30,0,0,0.0
Alonzo Gee,9,27,-5,9,11.27149082568807,3,18.191215957295224,22,15,87.2,1,0,0,0.0
Devin Harris,1,9,-8,3,5.978463157894739,3,14.9579711480378,50,8,47.5,6,0,0,0.0
D.J. Augustin,4,30,-52,11,7.30844781445138,12,16.881672607855545,11,13,112.1,12,0,0,0.0
Rodrigue Beaubois,0,4,-7,2,2.9234020618556698,1,15.920741039996866,1,5,19.4,0,0,0,0.0
D'Angelo Russell,41,229,-86,91,13.562343593414456,46,17.263717747985055,25,87,698.5,75,0,0,0.0
Lamar Odom,9,67,-9,24,6.639163265306122,21,13.91170327739046,32,32,294.0,16,0,0,0.0
Nerlens Noel,81,396,-37,156,15.701211768810325,46,24.87351833583419,46,165,859.9,47,0,0,0.0
Devin Cannady,24,164,-97,64,11.397744052502048,41,18.75295833478205,49,86,487.6,16,0,0,0.0
Kendrick Perkins,214,1147,163,458,23.79768831650144,170,23.44672968140848,62,582,2158.6,310,1,0,19.63
Nikola Vucevic,104,534,230,215,25.13519359834796,53,17.241881309246388,67,328,1162.2,26,0,0,0.15
Tyler Zeller,255,1333,240,487,19.707117500109568,82,24.956484633752343,82,413,2281.7,143,1,0,24.57
Kevin Martin,101,623,125,210,17.337559984057396,49,21.5085175610667,51,206,1254.5,107,0,0,0.0
Malaki Branham,0,0,0,0,14.257979607256786,0,18.572275528227934,1,0,0.0,0,0,0,0.0
Treveon Graham,46,308,-114,129,15.099469122426877,47,20.81212463432809,28,88,738.4,42,0,0,0.0
Derrick Favors,126,977,104,331,11.432750066180084,78,17.293266467044365,81,211,2644.3,151,0,0,0.4
Will Barton,35,276,-38,105,11.663279365424325,81,17.162753158363614,82,115,920.3,138,0,0,0.0
Abdel Nader,8,136,-44,51,12.254658910629296,11,15.47172369277661,82,35,378.2,17,0,0,0.0
LaMarcus Aldridge,29,197,10,74,5.982958984375,55,18.180496655804628,73,39,716.8,56,0,0,0.0
Marquis Daniels,26,143,-75,57,14.314999999999998,16,23.22376944461638,71,29,290.0,6,0,0,0.0
Josh Childress,215,749,36,267,17.89739489345364,154,17.2388298426526,82,427,2083.6,226,0,0,3.45
Shawn Marion,4,88,36,42,24.12502538071066,12,22.83114134262201,46,31,177.3,12,0,0,0.0
Orlando Johnson,21,165,-259,71,8.629094494658998,42,17.080280634491114,25,44,608.5,92,0,0,0.0
Andrea Bargnani,29,180,-74,75,15.194581547064304,35,15.711300645595555,82,100,536.5,13,0,0,0.12
Pau Gasol,91,312,-80,100,13.802376958184288,46,20.15973721878808,50,62,810.7,129,0,0,0.0
Freddie Gillespie,72,242,-8,85,28.555123768964595,37,24.73061611672202,55,97,375.7,22,0,0,2.77
Jeremy Lin,8,40,-21,14,16.389482163406218,10,21.342827066625624,8,14,86.9,6,0,0,0.0
David Lee,89,666,569,227,13.180298428053202,119,16.221922541577243,78,152,2067.5,273,0,0,7.83
Wilson Chandler,37,190,-18,74,21.50042643923241,30,23.02876112324503,65,91,375.2,29,0,0,2.0
Robert Covington,6,24,-16,9,6.510152931180971,7,11.83509768205204,7,15,117.7,5,0,0,0.0
Draymond Green,3,26,-27,11,9.102218543046362,5,13.763856981943617,50,18,90.6,5,0,0,0.0
Josh Hart,2,54,-33,22,9.720845170454544,15,19.690001796919105,82,12,140.8,9,0,0,0.0
Cole Aldrich,19,98,-2,39,12.19564404223228,12,14.408479206658225,53,42,331.5,8,0,0,0.0
Jayson Tatum,51,410,-12,151,12.547284458871031,47,17.212045222313964,82,187,1263.1,131,0,0,0.0
Jamal Crawford,6,16,-24,4,18.61780303030303,2,22.10278969598057,27,3,39.6,2,0,0,0.0
Cameron Payne,8,44,-15,18,11.417194244604312,8,12.835469964414434,18,34,208.5,8,0,0,0.0
Shayne Whittington,43,149,-54,53,9.798594862271742,14,10.597543752581078,82,71,646.2,17,0,0,0.22
Bradley Beal,0,6,-27,3,3.15921938088829,3,7.41662789102979,26,13,74.3,3,0,0,0.0
Zach LaVine,4,46,-1,21,23.43576859504132,3,12.98763388372805,21,34,121.0,6,0,0,0.0
Kevin Durant,194,1389,294,500,30.32971711266023,159,24.783638005253888,69,236,2223.5,752,1,1,59.27
Isaiah Joe,14,40,-4,13,20.556735395189,3,19.84281361609923,21,16,87.3,6,0,0,0.0
Ricky Ledo,0,0,10,0,-5.952114285714286,0,16.674143263893153,5,2,17.5,3,0,0,0.0
Chuck Hayes,191,888,13,331,25.742737358259262,143,21.857120240034348,47,412,1631.5,236,0,0,13.94
Jason Kidd,59,377,-158,145,5.7595287810383775,74,16.929620839113674,62,93,1417.6,127,0,0,0.0
Joey Dorsey,22,492,311,235,17.8970245832156,97,12.467482256404423,73,489,1769.5,112,0,0,4.18
Oshae Brissett,7,20,-40,6,0.1746258503401365,7,26.73677915685782,37,5,58.8,4,0,0,0.0
Mike Conley,97,553,95,186,18.04697818728846,45,22.5055434866876,39,94,1063.6,127,0,0,0.0
Austin Rivers,67,679,0,262,13.828855615756323,80,25.53269232431748,82,94,1365.8,148,0,0,0.0
Cleanthony Early,54,546,-37,244,15.62226352781776,57,22.17774273348748,80,166,1180.9,62,0,0,0.13
Damjan Rudez,64,349,-32,131,20.66172177253396,46,20.06292370430775,70,98,728.9,55,0,0,0.0
Bojan Bogdanovic,73,329,146,128,8.589818776165627,118,11.16705795497028,66,306,1743.7,78,0,0,5.95
Adreian Payne,2,67,-49,24,5.964374831944071,32,13.487472003036284,50,27,371.9,65,0,0,0.0
Karl-Anthony Towns,33,276,124,95,15.933522853957635,34,13.637402038307512,74,198,897.0,110,0,0,0.0
Andrew Wiggins,78,530,-46,188,14.231323859386688,84,17.983643328739745,82,222,1470.7,113,0,0,0.0
Roy Hibbert,71,330,27,107,16.430119880119875,38,22.34637624825823,26,66,600.6,21,0,0,0.0
Cameron McGriff,75,527,-189,197,12.885667797389756,84,13.93592594454287,73,204,1739.3,87,0,0,0.0
Meyers Leonard,180,1344,-132,485,15.655875174780734,133,19.42414188601765,82,343,3146.8,242,0,0,8.2
Jusuf Nurkic,481,1778,-228,546,28.941712574285443,289,35.07452671570469,62,223,2120.2,560,1,0,46.11
Cole Aldrich,25,114,32,42,18.147825159914703,20,23.28592124629233,14,22,234.5,43,0,0,0.0
Donatas Motiejunas,379,1432,26,474,25.084006991377308,128,28.934202543983623,64,508,2145.5,111,1,0,37.11
Ian Mahinmi,6,87,89,33,18.90229257641921,11,19.153662178618937,8,27,183.2,24,0,0,1.0
Josh Hart,0,0,9,0,-9.7975,0,10.975069189466122,11,0,12.0,0,0,0,0.0
Jeff Teague,28,230,-98,93,17.703245033112584,25,16.84984182530093,23,97,573.8,41,0,0,0.0
Willy Hernangomez,229,1274,76,497,19.121890880217776,197,24.94188458072466,77,523,2644.8,255,0,0,9.56
Doron Lamb,10,28,8,9,12.643101933216167,5,13.038648128672984,24,22,113.8,5,0,0,0.0
Nicolas Batum,0,2,-2,1,22.172903225806447,0,13.297134301580796,4,0,3.1,0,0,0,0.0
Malcolm Miller,2,12,2,5,16.827262569832403,2,16.47023490515124,16,6,35.8,2,0,0,0.0
Courtney Lee,3,11,-33,4,8.412865853658538,3,21.42068689390662,14,11,32.8,1,0,0,0.0
Jordan Bone,5,48,33,19,15.094594481605352,6,9.477061665727824,44,62,239.2,17,0,0,0.0
Dennis Schroder,4,35,-26,14,11.089745699326848,2,12.98554064769553,19,16,133.7,11,0,0,0.0
Alec Burks,67,756,-45,258,13.089029908853574,54,14.036468868592832,72,224,2183.3,119,0,0,0.0
Kent Bazemore,102,680,120,288,26.37514848950333,98,22.901085902762404,74,333,1171.8,42,0,0,0.92
Mike Dunleavy,5,122,-57,45,9.902374752801588,31,11.232062122587426,28,51,606.8,102,0,0,0.0
Justin Dentmon,3,11,-20,4,4.024068010075568,5,10.985630183370947,27,15,79.4,5,0,0,0.0
Carlos Boozer,61,267,-11,103,14.244570000876651,41,9.65204585771491,65,143,1140.7,92,0,0,0.0
Alex Caruso,93,455,118,161,16.457534692479012,84,19.2920703553477,72,177,1167.4,175,0,0,0.0
Kyle Korver,41,601,242,207,10.29853395667535,63,9.53761061489386,82,358,2802.1,96,0,0,7.25
Kevin Knox II,0,2,-12,1,1.442346938775509,1,15.103660150951573,2,3,29.4,8,0,0,0.0
Wendell Moore Jr.,9,55,-6,21,13.061441176470591,19,21.255519350189964,17,23,170.0,46,0,0,0.0
John Wall,187,946,622,379,21.70144042553192,109,13.665121646412413,82,829,2820.0,61,1,1,63.74
Courtney Lee,157,905,195,374,17.652520297982758,146,16.29776728121439,82,332,2389.4,86,0,0,4.71
Trey Lyles,10,145,-47,58,9.828463138433095,14,17.544049858938887,47,43,432.7,47,0,0,0.0
Gerald Wallace,79,688,-398,264,16.64087650837486,119,19.125201250496502,55,364,1665.7,176,0,0,0.0
JJ Redick,39,275,36,101,14.92865338526063,47,18.798573914497915,73,50,667.6,95,0,0,0.0
Nick Young,43,341,-65,123,12.774098484848484,22,14.3673407061739,66,150,1056.0,56,0,0,0.59
Hamidou Diallo,47,135,19,42,27.019105846389,9,19.83175043731476,26,77,261.7,12,0,0,2.87
Garrett Temple,1,10,-23,3,5.591638888888889,3,17.22236238455569,3,5,36.0,3,0,0,0.0
Patrick Patterson,44,138,22,45,22.24602319491208,18,20.807529923460503,77,53,267.3,22,0,0,0.29
Dexter Pittman,13,39,-13,12,9.979322493224934,7,20.482890633058226,16,11,110.7,17,0,0,0.0
Moritz Wagner,271,1445,-88,544,25.19653917595407,312,30.371460707211256,67,641,2368.8,763,0,1,59.44
Jalen Green,264,1322,145,528,19.911003468679866,142,26.005572270339616,71,374,2450.5,164,0,0,18.46
Dennis Schroder,8,122,-89,47,17.42438156831043,14,20.81735267810457,23,43,247.4,8,0,0,0.0
Chris Silva,154,1094,-216,441,12.225809876201666,187,21.325392548386564,82,461,2891.8,354,0,0,5.57
Vince Carter,37,133,-22,48,14.102337402441462,30,13.261637957791653,28,123,499.7,16,0,0,0.0
Zach LaVine,9,62,31,23,14.734643171806168,9,26.74397845648568,25,10,113.5,15,0,0,0.0
Nic Claxton,0,2,-8,1,29.46607142857143,1,16.15798937447786,15,1,5.6,0,0,0,0.0
Arron Afflalo,10,208,44,77,16.731024555461477,19,18.08189331077049,17,48,472.4,49,0,0,0.0
Cory Higgins,5,19,-14,7,26.125988538681952,1,16.82138477756386,25,6,34.9,1,0,0,0.0
Jake Layman,174,1049,-25,387,17.066043399990274,87,22.55571995016728,71,247,2055.3,101,0,0,0.0
Trey Burke,295,1185,530,406,27.351401133066187,145,23.85320704268337,65,230,2171.1,663,1,1,73.58
Sterling Brown,0,0,0,0,14.257979607256786,0,18.572275528227934,2,0,0.0,0,0,0,0.0
Orlando Robinson,75,789,-297,306,14.37824637355223,83,19.13706031729584,81,173,1778.6,94,0,0,0.0
JaVale McGee,105,785,99,276,14.181085143621956,90,17.354848286179724,77,260,1942.6,145,0,0,0.0
Luke Babbitt,1,1,-3,0,-22.390825688073395,2,36.494565938677006,13,1,10.9,1,0,0,0.0
Daniel Orton,190,1179,175,463,18.55881083099906,154,20.432934634909344,78,333,2677.5,371,0,0,0.36
Kyle Kuzma,164,705,231,229,19.82612977318404,132,25.29531121870424,67,171,1393.2,274,0,0,4.81
Tony Snell,137,917,36,363,22.92344059761528,82,27.46600846266829,58,107,1392.2,220,0,0,3.68
Toney Douglas,22,173,-47,63,13.058366819176452,22,17.834687521806693,82,94,502.7,28,0,0,0.0
Cheick Diallo,47,304,-191,127,12.603499053030305,26,23.28042834526984,51,69,633.6,18,0,0,0.0
Jason Terry,92,315,156,96,15.043683052090978,59,20.262508424331426,41,77,817.8,178,0,0,0.0
Tre Jones,17,166,-44,67,14.104533730158732,27,16.306966520221092,37,72,504.0,50,0,0,0.0
Mickael Pietrus,217,1296,21,484,18.246359353970387,166,25.8569557536478,80,252,2377.6,359,1,0,0.42
Sir'Jabari Rice,8,95,-26,33,12.360558982266769,5,14.158141489157074,22,27,259.4,13,0,0,0.0
Tim Frazier,12,512,219,180,15.59786960229475,30,14.758152757935504,82,169,1289.9,71,0,0,0.0
Gary Harris,178,1141,89,404,15.082847636437409,106,19.04819369010468,80,240,2464.5,119,0,0,1.08
Nerlens Noel,18,99,-5,37,12.385647611157143,18,12.657942939994845,52,45,362.1,53,0,0,0.0
Stanley Johnson,1,5,-15,2,7.4453633217993085,0,8.559536138862669,14,2,28.9,0,0,0,0.0
Bobby Portis,29,115,-50,43,20.49672331154684,16,19.66894489833125,10,59,229.5,4,0,0,0.0
Jarrett Allen,94,648,165,251,20.797382501219708,56,20.957497818886186,74,199,1229.8,77,0,0,0.0
Fab Melo,103,510,83,181,18.81676400087165,66,26.656509679085406,45,73,917.8,144,0,0,0.0
Darius Bazley,51,429,-85,163,12.061822343324248,70,25.140342984204256,31,69,917.5,113,0,0,0.2
Lonnie Walker IV,51,497,93,168,15.766584158415842,31,22.491937159589035,50,118,929.2,25,0,0,0.0
Alexis Ajinca,71,501,-341,215,16.152497814958174,48,13.432159006978386,67,294,1601.8,40,0,0,0.0
Gilbert Arenas,3,5,-8,1,18.952330827067662,0,18.150671401467296,8,2,13.3,1,0,0,0.0
Jaylen Hoard,4,146,-25,57,6.301743375174334,32,14.501464635044943,51,80,573.6,23,0,0,0.0
Pascal Siakam,22,206,-43,75,15.25585867620751,17,20.87827952901376,26,52,447.2,39,0,0,0.0
Austin Rivers,11,102,-33,42,20.971615483045426,20,15.77160925932346,64,82,312.6,51,0,0,0.0
Alex Len,29,319,38,111,8.610719408824165,61,12.66238531121065,67,89,1380.3,204,0,0,0.0
Immanuel Quickley,116,552,-232,218,15.033404662368037,96,19.774819005911752,81,302,1411.3,57,0,0,0.0
Kyrylo Fesenko,124,789,-111,310,14.671335967059871,68,18.18889940793718,57,263,1797.2,82,0,0,0.0
Ronald Dupree,12,188,-35,71,17.94448641655886,6,19.76403473292572,21,57,386.5,41,0,0,0.0
Greg Monroe,27,209,-47,76,11.413805796135913,29,17.370479153197294,25,63,600.4,38,0,0,0.0
Tyler Zeller,0,6,1,3,8.099107142857143,0,23.215924736117486,8,3,16.8,2,0,0,0.0
Chris Andersen,381,1616,138,574,21.25323268524325,204,35.859523542782654,66,247,2232.2,264,1,1,57.74
Jakob Poeltl,65,402,-128,145,17.2948749718405,56,19.126273457268105,30,109,887.8,93,0,0,0.0
Jorge Gutierrez,3,7,-7,2,9.262285714285712,3,23.54159848105937,5,1,21.0,2,0,0,0.0
Maurice Harkless,66,212,-130,73,12.93410737527115,31,10.296592997986918,72,129,922.0,50,0,0,0.0
Tyson Chandler,0,0,0,0,14.257979607256786,0,18.572275528227934,1,0,0.0,0,0,0,0.0
Reggie Bullock,102,496,-94,163,13.932686274509804,106,18.166705912843536,58,131,1428.0,287,0,0,0.0
Carmelo Anthony,0,0,1,0,29.729499999999994,0,0.0,4,0,2.0,0,0,0,0.0
Victor Oladipo,11,52,-16,20,8.114418758256276,9,22.270164814996765,69,18,151.4,6,0,0,0.0
Theo Maledon,78,424,-125,154,14.592054940051604,80,16.13337940126584,81,156,1317.8,268,0,0,0.0
Lance Stephenson,211,1069,138,429,16.329443263014632,150,23.15267970223537,82,358,2351.2,91,0,0,4.68
Deividas Sirvydis,108,841,-278,366,22.143498605662423,93,15.7137308326567,75,513,2115.7,147,0,0,0.0
Mouhamed Gueye,79,343,-3,126,15.34800534188034,43,16.9555910944113,81,75,936.0,114,0,0,0.0
Nazr Mohammed,5,23,-12,8,13.88354411764706,7,18.26926840167747,8,7,68.0,17,0,0,0.0
Mychal Mulder,0,0,-1,0,0.0,0,0.0,4,0,3.1,0,0,0,0.0
Tosan Evbuomwan,20,105,-39,39,13.447051838980594,13,12.195642033480922,39,32,345.3,11,0,0,0.0
Nickeil Alexander-Walker,13,152,13,49,11.693150614754096,19,15.484586538023326,45,34,390.4,18,0,0,0.0
Javonte Smart,4,32,8,14,13.036417410714282,5,21.48679797927816,26,26,89.6,2,0,0,0.0
Yogi Ferrell,0,2,-3,1,5.237014925373133,1,9.947377390178657,4,1,13.4,0,0,0,0.0
Ben Simmons,26,117,-88,45,17.83606500956023,16,20.16539151880729,59,28,261.5,17,0,0,0.0
Kenneth Faried,148,1042,-30,447,14.987383243041275,154,26.494552767572888,82,495,2141.2,118,0,0,0.87
Anthony Black,37,269,6,100,18.61589303733603,22,24.071913857351863,38,90,495.5,35,0,0,0.0
Jordan Hawkins,5,114,-29,54,19.706493432324383,11,12.647171786603728,47,46,350.2,50,0,0,0.0
Nene Hilario,26,249,-257,104,11.537158619182868,60,14.076663659970102,46,118,915.4,81,0,0,0.0
Kris Humphries,64,320,-12,128,11.977895448400185,51,12.423609947687504,80,247,1331.4,19,0,0,0.0
Joe Smith,50,394,112,172,13.599728150181525,58,16.718625109058227,73,99,1129.3,140,0,0,0.0
Evan Fournier,0,0,-4,0,-7.091842105263157,1,7.763878599470258,8,2,11.4,0,0,0,0.0
Seth Curry,8,104,-87,48,11.782042553191491,22,12.294462533181427,54,60,470.0,10,0,0,0.0
Charles Jenkins,40,423,48,158,10.18341512890983,58,13.142580886872718,58,131,1528.2,124,0,0,0.0
Jason Thompson,14,165,-70,59,17.784312599681023,11,19.39568936908769,16,50,313.5,10,0,0,0.0
Carlos Boozer,116,609,194,245,21.42382117214894,73,19.77406018048164,82,187,1197.8,65,0,0,0.0
Delonte West,58,424,-73,183,11.185141902033022,71,15.944439056232888,66,207,1465.8,41,0,0,0.0
Lance Stephenson,0,9,2,3,0.7933669354838685,1,12.943669162956716,25,4,49.6,3,0,0,0.0
Sean Kilpatrick,22,325,215,144,9.915809775204355,35,15.320223025052378,37,126,1174.4,85,0,0,1.93
James Jones,89,572,76,233,12.512346712320078,61,17.414754692280436,82,147,1577.1,71,0,0,0.0
Damien Wilkins,48,320,-20,110,16.154109102646874,29,24.50662409846836,30,56,619.6,30,0,0,0.0
Chimezie Metu,93,729,-85,255,15.398014517193344,69,23.9908406410158,78,150,1363.9,63,0,0,0.0
David Nwaba,29,171,-115,70,14.535384452893958,26,15.800521179147289,80,61,473.4,22,0,0,0.0
Tim Duncan,0,2,-12,1,13.069574468085104,0,18.748629085325728,1,1,4.7,0,0,0,0.0
Mario Hezonja,28,301,-57,128,13.784017434988185,69,26.733274017866744,28,63,676.8,152,0,0,0.33
Josh McRoberts,11,95,-22,32,6.047990357221127,13,11.01350052506948,28,45,456.3,18,0,0,0.0
Usman Garuba,79,361,-199,119,12.935014314027748,65,20.37680663099532,72,111,908.2,111,0,0,0.0
Nicolas Batum,128,627,93,203,16.321370391450074,96,18.55619646895036,50,131,1581.3,273,0,0,0.0
Bam Adebayo,103,374,-56,109,22.130314433851808,42,27.65232592615861,29,206,597.9,48,0,0,2.02
Cody Martin,130,956,251,413,27.41120153813738,73,19.98539175878327,65,606,1898.4,49,0,0,12.13
Stephen Curry,59,417,-26,170,12.87142889873224,57,16.91003808736456,77,116,1309.4,187,0,0,0.0
Jason Thompson,3,7,4,2,18.25897959183673,2,31.305697503332887,18,2,14.7,3,0,0,0.0
Tyrese Haliburton,39,227,-152,94,11.82165720369056,56,11.886334669630736,66,173,1127.2,110,0,0,0.11
Brook Lopez,1,17,28,6,25.3168093385214,0,23.362946172767767,4,2,25.7,3,0,0,0.0
Andrew Bynum,1,23,-11,9,10.73632085561497,4,10.70682842770361,62,11,93.5,6,0,0,0.0
Hollis Thompson,87,503,240,205,13.847925343811394,55,14.033803904980338,81,207,1781.5,140,0,0,0.0
Nikola Vucevic,32,171,-101,64,18.57068610634648,19,21.37187364003077,43,81,349.8,16,0,0,0.0
Robin Lopez,54,357,-205,118,8.764701393755354,80,14.496881482729403,77,146,1284.3,135,0,0,0.0
Brodric Thomas,2,21,3,9,1.3320280474649395,5,20.352453296653795,47,15,92.7,5,0,0,0.0
Torrey Craig,12,57,2,19,10.78842784693407,9,14.641793805331988,42,38,216.9,16,0,0,0.0
Malcolm Thomas,103,988,-85,353,18.47628316478287,115,24.992850998112303,58,125,1681.0,221,0,0,1.0
Shane Battier,0,2,-5,1,0.9992187500000016,0,14.086221178518851,5,3,12.8,1,0,0,0.0
Alex Len,45,153,-39,54,14.305884057971014,19,19.29273354655524,36,47,379.5,15,0,0,0.36
Jordan McRae,40,720,110,267,20.7628052704152,54,21.37778812276842,46,140,1305.4,147,0,0,0.0
Thanasis Antetokounmpo,160,1712,22,659,23.40668014705881,253,32.106238489708815,82,262,2448.0,563,1,0,47.2
Michael Porter Jr.,23,177,-124,77,12.369061172959944,29,10.936378986149514,76,114,871.3,57,0,0,0.0
Sekou Doumbouya,23,250,106,98,11.75635115948888,23,13.663676489459013,29,77,845.2,60,0,0,0.0
Carl Landry,0,26,6,10,7.037755905511807,3,17.795598052166213,10,6,76.2,3,0,0,0.0
Iman Shumpert,41,251,-50,81,10.904488558036944,31,15.849624066038391,23,54,725.4,55,0,0,0.0
Joe Ingles,84,815,76,281,15.085633620446997,40,18.461082546038647,77,199,1776.3,48,0,0,0.0
Justin Hamilton,6,36,-22,15,18.241173986486483,3,10.133185373655955,11,26,118.4,5,0,0,0.0
Omer Asik,77,361,-64,133,14.515971948051943,64,20.43988089683185,82,91,962.5,138,0,0,0.0
JJ Hickson,211,1392,-228,505,18.132574971912536,160,27.145339962957,72,277,2314.2,211,0,0,1.67
Andre Roberson,125,760,-240,286,11.791463966964162,133,17.87234211182362,81,201,2252.1,324,0,0,0.2
Tacko Fall,2,9,-17,3,-0.0788822355289433,1,17.47125642207133,10,2,50.1,4,0,0,0.0
Jonathan Kuminga,5,11,-33,3,14.71130718954248,1,16.42910188866914,4,8,30.6,0,0,0,0.0
Justin Holiday,0,2,-8,1,-1.6311363636363634,1,31.197458522680428,6,0,4.4,0,0,0,0.0
Roy Hibbert,249,1061,411,406,22.916919131541395,118,15.51466350450425,79,697,2593.1,102,0,1,60.06
Jahlil Okafor,0,2,12,1,0.4583443708609285,0,19.51198152078943,15,4,15.1,1,0,0,0.0
Kent Bazemore,19,163,70,72,16.70244217810963,34,13.710429261681906,76,119,549.1,27,0,0,0.0
Chandler Parsons,89,544,-250,187,13.088179268852292,63,11.785944448540077,82,192,1961.3,269,0,0,0.0
Facundo Campazzo,0,0,-2,0,-35.627272727272725,0,42.116451557884005,7,0,1.1,0,0,0,0.0
Rajon Rondo,6,42,12,16,7.647809859154936,9,19.73913732592486,9,14,142.0,15,0,0,0.0
Semi Ojeleye,22,207,-53,80,11.120870811682495,26,18.03621761157086,82,51,558.1,39,0,0,0.0
Scottie Barnes,24,220,22,84,21.58219518190757,15,18.02499576767739,18,42,406.8,30,0,0,0.0
Manny Harris,7,39,0,16,3.7913584660383473,10,8.704157257025194,55,36,307.7,10,0,0,0.0
Trey Jemison,70,555,-172,213,14.11992672609155,71,21.827904327799786,82,80,1323.8,219,0,0,0.0
Jusuf Nurkic,34,354,71,139,14.68612468717798,59,12.667225976440902,61,174,1358.6,164,0,0,0.0
Chris Boucher,118,602,39,212,23.798509037718105,86,25.73309655617491,29,188,957.1,140,0,0,0.16
Malcolm Hill,30,236,-46,86,13.529584787800845,31,20.28894028096857,49,57,544.3,51,0,0,0.0
RaiQuan Gray,6,18,-17,6,14.183970741901772,2,7.107794653326809,79,13,95.7,1,0,0,0.0
Ron Baker,0,0,0,0,14.257979607256786,0,18.572275528227934,1,0,0.0,0,0,0,0.0
Ish Smith,0,5,9,2,18.91692307692308,0,19.56358267567562,36,3,9.1,0,0,0,0.0
Jack Cooley,131,587,-60,228,22.44067211976233,59,18.38969227300974,66,279,1295.9,55,0,0,0.0
Langston Galloway,0,20,8,8,8.860645833333335,2,20.154593527866297,46,8,48.0,2,0,0,0.0
Yogi Ferrell,132,919,-88,319,17.634327459290652,59,20.53153040293773,70,226,1793.2,68,0,0,0.0
JaVale McGee,122,430,-69,141,15.91671635857682,82,22.54043957088117,41,108,1006.2,212,0,0,0.0
Dan Gadzuric,6,26,14,10,31.261097852028644,0,23.669537587711336,36,8,41.9,2,0,0,0.0
Alex Len,50,300,9,125,17.421500721500724,47,17.969104246652474,71,157,762.3,27,0,0,0.0
Toney Douglas,4,10,-11,2,34.20483870967742,1,28.03396183240635,10,0,9.3,0,0,0,0.0
Vince Carter,203,835,130,269,13.75628600008336,159,18.93951296637755,79,227,2399.3,364,0,0,1.13
Troy Murphy,95,666,144,243,11.003107635607636,120,17.46068888885999,78,161,2116.4,286,0,0,0.0
Keldon Johnson,214,1352,229,569,19.46883826029272,147,25.883357244104698,78,459,2411.9,185,0,0,9.76
C.J. Williams,1,7,8,3,21.61394366197183,0,19.06705225851905,18,2,14.2,1,0,0,0.0
Byron Mullens,63,554,330,244,18.13953072705264,68,18.06964783562055,81,237,1404.3,143,0,0,0.44
James Webb III,0,18,-3,8,5.355754985754985,1,12.814188852427602,6,18,105.3,4,0,0,0.0
Noah Vonleh,1,20,-3,8,6.884413793103452,2,16.216332914728017,7,20,87.0,4,0,0,0.0
Frank Kaminsky,251,1590,214,609,30.25445877475817,178,33.49229303227755,57,392,1953.9,375,1,1,86.81
Wilson Chandler,3,25,1,10,34.24829207920792,1,16.73077988608794,12,9,40.4,1,0,0,0.0
Nick Richards,111,582,406,235,21.46073296772833,93,12.102473684124378,78,382,1896.4,188,0,0,0.17
Feron Hunt,2,53,-10,19,7.810077922077922,8,19.57248693640784,27,13,154.0,13,0,0,0.0
Kenyon Martin,27,137,-39,55,16.918794628234522,16,21.708671129001285,50,65,305.3,16,0,0,0.0
Craig Smith,8,53,10,21,17.743232157506153,9,21.158504903226405,49,19,121.9,8,0,0,0.0
Jonathon Simmons,25,166,-12,67,12.398600979858465,43,15.363582624361024,72,70,551.1,46,0,0,0.0
Jodie Meeks,46,429,56,159,14.43563299514777,27,15.696555710077146,82,193,1133.5,42,0,0,0.0
D'Angelo Russell,79,494,42,179,16.555220595658763,71,23.86047676314981,42,91,990.5,174,0,0,0.0
Tristan Thompson,25,173,-69,74,10.627279828457652,24,13.94910954545307,81,133,652.9,13,0,0,0.0
Goran Dragic,67,715,246,263,16.82454892817822,74,20.083756104666502,71,168,1544.1,205,0,0,0.44
Aaron Harrison,6,115,42,41,12.929388906298962,12,15.166409845181358,24,22,319.1,20,0,0,0.0
Solomon Alabi,50,240,-130,95,14.916196409431938,33,14.376510782066315,81,139,746.4,37,0,0,0.0
Jason Kapono,296,1603,368,652,22.82883588779063,123,29.84430073149924,75,599,2498.9,178,1,1,70.29
Earl Barron,12,131,54,46,12.388234856007946,14,14.329712979453882,15,32,402.8,39,0,0,0.0
Tyus Jones,0,4,-11,2,9.006249999999998,0,22.73348390963255,15,1,9.6,1,0,0,0.0
Daniel Gafford,44,527,36,211,15.792015838099426,55,19.565570055236105,81,99,1136.5,90,0,0,0.0
Kendrick Nunn,3,9,-13,3,12.392254641909814,2,12.825152390118705,17,4,37.7,0,0,0,0.0
Allen Crabbe,48,708,247,251,14.158298111643868,72,18.6507127867868,77,202,1689.3,135,0,0,0.44
Alex Len,0,0,-3,0,-13.145609756097562,1,10.278456278633206,5,0,4.1,0,0,0,0.0
James Harden,43,178,42,63,9.796950884086444,33,19.73806986568249,82,32,509.0,58,0,0,0.0
Greg Brown III,201,1451,229,549,29.43421353973385,130,30.464449574855777,55,205,1886.3,324,1,1,61.32
Chase Budinger,19,122,88,49,18.3812853039732,16,11.422932098917746,70,69,417.8,22,0,0,0.0
Anthony Gill,9,56,-67,21,6.262995049504949,10,11.379612452134891,22,23,282.8,13,0,0,0.0
Davon Reed,32,184,7,67,10.841156561085972,20,17.157677639121243,70,42,552.5,35,0,0,0.0
Isaiah Roby,19,154,-63,53,19.90248114224137,20,16.97822672685972,75,89,371.2,34,0,0,0.0
Dewayne Dedmon,279,1089,-286,380,15.654644567051204,149,24.02493818614729,78,198,2193.1,212,0,0,0.83
Bobby Simmons,37,224,-256,91,15.103365384615378,54,22.191265879274404,19,83,551.2,118,0,0,0.0
John Butler Jr.,9,29,-1,8,9.946050847457627,5,25.02779270258389,25,3,59.0,3,0,0,0.0
Reggie Williams,0,0,0,0,14.257979607256786,0,18.572275528227934,14,0,0.0,0,0,0,0.0
Isaiah Livers,50,697,-118,253,11.674983867906626,73,13.898568082961996,79,209,2107.6,119,0,0,0.0
Al Harrington,66,430,-130,171,11.966687390924957,90,26.194800712217344,50,151,916.8,87,0,0,0.2
Sherron Collins,291,1478,-218,532,20.413576551668868,190,28.34499920371304,71,207,2495.7,433,0,0,16.27
T.J. Leaf,14,83,-45,30,20.249777517564407,9,20.39912244058392,31,39,170.8,19,0,0,0.0
Jacob Gilyard,113,363,119,125,12.562951403009356,111,11.094795926754983,81,628,1967.2,43,0,0,5.82
Nikola Jokic,0,2,-12,1,-5.089447513812153,0,18.56649708908165,13,3,18.1,2,0,0,0.0
Jeff Teague,20,330,295,146,11.114705445544557,86,13.404363211187173,82,363,1616.0,142,0,0,0.46
Kira Lewis Jr.,49,211,-150,64,19.182291066282428,31,21.10457979412731,28,35,416.4,78,0,0,0.0
Marvin Williams,295,1692,161,605,25.481536882561027,171,31.004829559464604,66,422,2289.7,276,1,1,88.54
Mitchell Robinson,50,185,-10,61,11.274451375559824,37,16.09623923145158,44,58,625.2,99,0,0,0.0
Kyle Anderson,98,429,67,144,19.77694144586196,55,22.660162184886904,27,98,917.1,236,0,0,0.67
Darrell Arthur,26,192,-98,71,11.147396729776249,22,22.731859735517624,37,25,464.8,77,0,0,1.0
PJ Dozier,50,682,264,271,16.584000406442108,88,15.49059746026685,79,309,1968.3,273,0,0,0.31
RJ Barrett,0,17,7,6,21.504571428571428,1,22.72484134467222,34,4,24.5,0,0,0,2.0
Amir Coffey,0,0,0,0,-5.209148936170212,0,9.551947412720294,8,1,4.7,0,0,0,0.0
Alize Johnson,24,255,76,89,15.537722513089015,30,15.481852279860163,22,149,725.8,32,0,0,0.07
Timofey Mozgov,23,238,-91,80,11.172862993298583,28,21.15449717487757,44,55,537.2,28,0,0,0.0
D.J. Augustin,5,16,-2,5,10.943670886075951,1,18.624591817417752,3,6,47.4,0,0,0,0.0
Zach Collins,5,71,67,29,13.372945900253592,5,11.534451235718366,14,35,236.6,10,0,0,0.0
Keon Johnson,14,156,-1,61,12.666781104801236,7,18.05913796898532,25,71,387.4,19,0,0,0.0
Marco Belinelli,31,156,23,62,25.61837817913748,12,24.7125097752774,72,81,271.3,10,0,0,0.11
Eric Maynor,4,39,-26,14,15.134173703256936,7,22.887144794996853,10,9,82.9,12,0,0,0.0
Emmanuel Mudiay,3,13,-18,4,3.7406885245901655,2,28.06313579587413,12,1,30.5,6,0,0,1.0
Eugene Omoruyi,50,295,-205,118,9.173776012530764,60,20.494886436492585,78,109,893.8,58,0,0,0.0
Jusuf Nurkic,16,124,-17,54,10.366358463726886,37,14.58139976325897,82,109,562.4,20,0,0,0.0
Markieff Morris,73,610,51,263,12.13846607497373,105,20.444797767200075,66,349,1712.6,180,0,0,0.0
CJ Miles,52,374,20,149,20.359372618000585,67,24.03319885054784,28,142,682.2,68,0,0,0.5
Bradley Beal,64,297,-206,108,11.537401356350186,44,14.640754393922936,50,108,973.2,33,0,0,0.0
Danuel House Jr.,15,55,-34,20,16.4987358276644,9,13.193510731359462,55,37,176.4,4,0,0,0.0
DeMarre Carroll,129,1251,301,457,21.006196632922528,115,29.92915827307252,68,227,1817.6,168,0,0,21.32
Santi Aldama,8,30,-16,11,30.583456561922365,2,17.048693936997896,5,15,54.1,5,0,0,0.0
Norvel Pelle,18,62,-42,21,19.44817176870749,6,26.142301785336784,50,12,117.6,2,0,0,0.0
John Lucas III,553,2002,397,689,37.64606932220306,219,35.077139007917864,68,644,2204.2,388,1,1,97.56
Austin Rivers,33,401,-55,151,10.692690725889369,58,19.3578031373687,80,76,972.6,94,0,0,0.0
Luol Deng,295,1245,108,441,20.757852574352416,144,32.00836637982283,62,256,1876.2,200,1,0,31.32
Cassius Stanley,282,1289,129,449,17.095930757459833,169,25.968583126033884,82,267,2614.0,447,0,0,12.78
Xavier Tillman,71,416,179,150,15.025399141045742,59,12.827090440293118,82,116,1466.9,232,0,0,0.0
David Duke Jr.,40,165,-70,58,9.656694126074491,28,16.439330579252076,53,120,558.4,8,0,0,0.0
Damien Inglis,23,225,-17,87,16.85798055178652,28,23.10972990116605,17,36,442.2,56,0,0,0.0
Greg Oden,4,26,-16,11,11.450804416403791,2,20.86111483233535,5,3,63.4,7,0,0,0.0
Carsen Edwards,18,104,35,37,16.218118479880772,8,14.25168091185921,28,37,268.4,8,0,0,0.0
Wilson Chandler,9,56,-20,21,15.502514036182154,5,15.600241300309554,27,21,160.3,16,0,0,0.0
Eric Gordon,133,816,98,252,18.22800554684674,84,21.49741549378741,66,126,1658.6,295,0,0,0.14
Peja Stojakovic,6,12,-49,3,0.6277919320594472,10,16.06833462958253,18,8,94.2,14,0,0,0.0
Jalen Jones,555,1830,174,614,21.352097153862616,175,30.083701783071003,81,285,2803.8,315,1,1,53.56
Robert Sacre,6,45,21,17,8.086811520970189,3,10.734617140882238,21,26,197.9,4,0,0,0.0
Aaron Brooks,105,811,-176,353,19.186833305744084,112,21.970333205966977,80,441,1812.3,104,0,0,0.3
Dorian Finney-Smith,54,410,-29,178,21.24006262190741,38,15.250194550110225,57,173,974.1,43,0,0,0.0
Brandon Knight,30,549,121,208,11.791192219954375,54,16.0849063261418,80,211,1665.8,49,0,0,0.0
Isaiah Hartenstein,8,74,-65,31,4.267040960451976,15,12.58556397141652,66,47,424.8,12,0,0,0.09
Andrew Wiggins,35,193,-44,79,20.357003193318583,26,23.78130540525443,26,108,407.1,24,0,0,0.0
Aaron Nesmith,149,643,357,247,16.128055788128496,61,11.777876896168076,82,470,2269.3,62,0,0,15.58
Cody Martin,196,1438,49,573,27.253732194936383,180,27.4018501242756,69,483,2365.9,627,0,0,49.16
Adam Mokoka,194,1035,-70,377,17.47672315111091,130,19.3489424617221,77,141,2218.9,318,0,0,0.0
Tyler Zeller,6,34,-2,12,6.401604683195591,11,15.018055971881765,24,23,145.2,7,0,0,0.0
Cody Zeller,5,135,1,51,10.672503232957691,20,9.811769661415468,23,41,541.3,50,0,0,0.0
Bones Hyland,94,413,-34,144,14.1852337398374,65,22.74443210175412,59,100,984.0,147,0,0,0.0
Troy Brown Jr.,82,348,-100,129,19.43603056327356,49,19.24925365753803,32,180,791.8,69,0,0,0.0
Miles Plumlee,1,19,38,6,8.5112643020595,7,5.197400775151351,51,28,174.8,26,0,0,0.0
Goran Dragic,16,184,-86,78,12.423965474722564,40,22.913177226475376,58,28,405.5,30,0,0,0.0
Jalen Jones,20,154,135,67,26.6205132052821,13,17.01283622284692,49,69,333.2,20,0,0,2.02
T.J. Ford,14,62,9,24,19.260830903790087,6,19.39682092433301,20,22,137.2,2,0,0,0.0
Nate Wolters,15,334,-41,129,10.922355932203386,37,15.784936287924516,54,75,944.0,54,0,0,0.0
Aaron Holiday,27,266,-99,96,10.870045623039632,45,18.38923724969868,77,77,701.4,35,0,0,0.0
Chris Boucher,103,667,117,247,15.177554597982567,73,12.783664665832292,73,226,2042.2,129,0,0,0.0
Gary Harris,71,676,169,259,13.795948068694685,135,21.6043566451723,58,152,1706.1,325,0,0,0.74
Luke Kornet,173,681,-156,237,16.582264880780556,129,19.622241147915183,82,135,1732.1,334,0,0,1.0
Anthony Morrow,114,894,95,326,13.875020202820473,101,15.88247415253526,82,240,2524.4,259,0,0,0.14
Jorge Gutierrez,48,739,-113,290,19.13391884424093,70,26.34398274833673,36,119,1266.7,163,0,0,0.51
Jerami Grant,132,665,96,219,15.153928910515075,85,18.083312494301133,76,122,1685.2,237,0,0,0.0
Montrezl Harrell,21,215,88,88,21.003041033118105,20,19.873328808539128,23,107,480.1,27,0,0,0.0
Sundiata Gaines,127,694,9,262,21.037955296823338,119,22.29956121563984,55,357,1391.4,149,0,0,1.1
Chandler Parsons,1,18,2,7,18.596391184573005,1,17.5970640305623,28,4,36.3,5,0,0,0.0
Richard Jefferson,99,715,-46,264,13.977997876620464,79,18.50615349533916,60,144,1789.6,153,0,0,1.0
Amar'e Stoudemire,132,756,-345,274,8.860981889129235,71,17.443203707231035,82,271,2357.7,84,0,0,0.0
Justise Winslow,290,1205,-117,400,20.74829333624884,109,28.66990219065726,59,215,1829.3,152,0,0,6.98
Tobias Harris,27,114,-15,41,20.362917297788552,14,15.874827422647703,38,105,330.1,50,0,0,0.0
Theo Maledon,148,744,38,270,13.067401674562085,76,19.44329154235987,49,217,1815.4,89,0,0,0.0
Josh Howard,80,392,110,156,21.96719080737829,44,14.100925863581134,48,168,992.1,53,0,0,0.0
Jarrett Allen,50,265,-74,107,22.710140050167222,29,21.21471318355169,39,72,478.4,27,0,0,0.0
Javonte Smart,258,1234,428,409,19.692209206401586,142,23.5913132122974,82,613,2424.4,185,0,0,27.58
Kyle Weaver,13,91,1,31,11.103696522006777,5,12.995822787481677,29,48,324.9,19,0,0,0.0
Jermaine Taylor,22,98,5,33,13.969684659090907,11,11.568954950530994,28,37,352.0,29,0,0,0.0
Aaron Brooks,209,1732,118,667,18.19495399664808,151,26.654701778712496,82,268,2923.7,272,0,0,28.37
Ike Anigbogu,2,6,14,2,-4.250373134328358,3,19.69441275591917,11,1,26.8,1,0,0,0.0
Sandro Mamukelashvili,33,267,-96,117,11.448580178173724,60,12.758108106160265,62,148,1077.6,47,0,0,0.0
Dennis Smith Jr.,65,920,-318,427,22.90409980375665,99,21.212955128387136,56,433,1783.5,90,0,0,1.85
DeJuan Blair,87,994,428,359,16.04067027574389,193,17.523888021830444,82,295,2567.6,469,0,0,12.85
Zach Collins,69,967,-8,361,13.914040390822649,80,17.43028449990819,82,221,2292.6,175,0,0,0.0
Tyler Cook,34,232,-143,99,16.280898876404493,58,12.660489847444772,54,241,1014.6,103,0,0,0.0
LaMarcus Aldridge,43,197,18,77,14.17712822936358,23,14.81842962968033,55,90,634.8,11,0,0,0.0
JJ Redick,16,99,-10,34,17.46961716449306,27,21.594882516269205,69,16,237.7,62,0,0,0.0
Christian Wood,289,1604,315,616,30.213077168876804,248,27.586882064636765,81,637,2503.6,580,1,1,87.63
Brandan Wright,23,113,-107,45,6.868679245283019,17,15.142899264635895,31,47,450.5,20,0,0,0.0
Gal Mekel,77,476,-8,179,13.478271663504106,70,17.918962844590997,68,187,1264.8,65,0,0,0.0
Kevin Love,0,0,0,0,14.257979607256786,0,18.572275528227934,1,0,0.0,0,0,0,0.0
Glenn Robinson III,53,480,-133,198,20.629854310962504,60,24.12713087277208,32,137,837.4,58,0,0,0.0
Markieff Morris,43,599,62,248,13.034678563511417,81,16.83068142259114,66,210,1804.4,134,0,0,0.0
Antonius Cleveland,117,648,-187,234,12.5207352310113,115,23.53312822450725,66,107,1398.2,127,0,0,0.0
Isaiah Stewart,2,58,-54,25,5.581601223865379,24,19.37963809100187,58,15,196.1,34,0,0,0.0
JT Thor,0,2,-4,1,0.4221632653061226,2,15.35318690412398,11,0,24.5,1,0,0,0.0
T.J. Leaf,75,447,-126,147,13.64230175544794,54,15.665786995518747,48,237,1321.6,125,0,0,0.0
Alize Johnson,179,1033,77,380,18.91277574463759,93,22.48124722549534,81,275,1967.4,186,0,0,1.18
Anthony Tolliver,0,8,-14,3,9.84252577319588,0,22.5037065892189,14,0,19.4,3,0,0,0.0
Will Bynum,14,122,56,54,13.19830124167716,16,11.37828211329423,40,135,555.7,62,0,0,0.0
Ron Baker,31,319,70,130,13.374292589027917,44,13.966758215084798,78,109,1039.0,79,0,0,0.0
Andre Iguodala,4,14,-15,5,5.58630769230769,5,10.500744291570667,21,14,130.0,13,0,0,0.0
Troy Brown Jr.,0,3,5,1,275.334,0,90.5263350838122,17,0,0.5,0,0,0,0.0
JaMychal Green,4,35,-45,13,4.855179153094465,5,16.836139248282564,45,14,122.8,4,0,0,0.0
Dwight Howard,204,1260,44,441,17.503686486958802,148,24.672960120831338,82,171,2288.9,344,0,0,2.25
Quinndary Weatherspoon,74,379,-14,136,19.0242676074742,73,24.8232850080991,38,109,765.3,164,0,0,0.0
Caris LeVert,128,872,68,334,15.655559823895029,84,16.153318453304518,81,321,2316.8,209,0,0,0.0
Gustavo Ayon,20,253,-31,99,9.797479375896703,16,10.01488657221332,53,143,1115.2,26,0,0,0.33
Christian Wood,103,767,-192,301,16.46010392765556,79,23.642984564642987,82,222,1481.8,75,0,0,0.0
Tyreke Evans,15,105,-25,45,12.276763432645788,19,12.75186906480346,25,69,392.7,8,0,0,0.0
Nicolas Batum,36,224,-119,94,8.216335936303784,53,20.59647814464927,74,86,653.1,22,0,0,0.0
Isaiah Hartenstein,222,1077,2,368,14.167755333043102,145,23.637294098094188,77,108,2297.0,241,0,0,0.45
Jarrett Allen,112,506,166,197,17.49325536730914,65,12.715570302394513,82,165,1457.9,69,0,0,0.0
Brandon Davies,525,2133,139,738,23.820102569209315,287,31.97832513988376,80,367,3012.6,469,1,1,86.46
Willie Cauley-Stein,40,318,-75,106,10.900463816048507,33,10.841386466242168,82,161,1269.9,57,0,0,0.0
Thon Maker,132,921,839,339,17.85796184738956,133,17.27557059179031,80,533,2490.0,291,0,1,52.58
Bismack Biyombo,1,11,-20,4,0.45137931034483,9,16.988381755925147,12,16,60.9,6,0,0,0.0
Devonte' Graham,0,0,-2,0,-3.7371212121212127,1,13.267591302607782,4,4,13.2,0,0,0,0.0
Dante Exum,62,355,-221,145,10.35117107393416,51,17.495108328851508,66,169,1111.8,25,0,0,0.0
Stephen Curry,6,14,-33,4,5.626558603491269,3,7.352808279371975,35,5,80.2,0,0,0,0.0
Derrick Walton Jr.,25,291,40,133,16.23928965704461,97,14.437055968286538,44,223,1105.1,256,0,0,0.5
Kelly Olynyk,6,23,5,8,12.554969040247686,4,21.419696104228603,30,3,64.6,7,0,0,0.0
Davion Mitchell,98,836,85,302,11.827583282239928,77,20.21070813911095,80,134,1957.2,92,0,0,0.0
Naz Reid,0,6,13,3,1.4573311897106136,1,15.590285683499053,12,6,31.1,0,0,0,0.0
Darrell Arthur,44,363,-40,128,15.710263391535952,33,21.98466514606861,44,59,675.8,41,0,0,0.0
Juancho Hernangomez,16,83,-16,29,15.54736649931538,12,16.71005957682439,27,22,219.1,33,0,0,0.0
Kyle Kuzma,14,112,-58,48,13.629902847571191,25,16.306783056174343,81,28,298.5,19,0,0,0.0
Greg Brown III,75,839,74,382,15.402278051787912,91,17.611662495435706,82,276,2270.8,80,0,0,0.67
CJ Miles,53,401,72,162,10.246709155111532,58,18.22057708919026,82,158,1161.1,61,0,0,0.0
Jacob Pullen,2,11,-14,4,0.0932816537467667,3,23.54110041201909,2,2,38.7,3,0,0,0.0
Vlatko Cancar,6,48,-25,21,16.62981673306773,5,16.930915225692523,11,10,125.5,5,0,0,0.0
Ronnie Price,99,539,72,196,14.998287740628168,39,17.995852231977622,58,204,1381.8,82,0,0,0.0
Stephen Curry,46,240,-61,86,16.490860283238217,44,25.821059075891544,26,18,473.1,104,0,0,1.0
Al-Farouq Aminu,135,349,-132,107,12.427491558128317,69,14.626291072129332,81,214,1243.8,58,0,0,0.0
Maurice Harkless,13,135,-87,55,12.441350695210764,30,16.739916015276332,32,31,453.1,64,0,0,0.0
Reggie Evans,43,275,-203,97,9.323002996796529,25,13.144195491024742,48,110,967.7,35,0,0,0.0
Shaquille Harrison,308,1873,574,652,25.27670930109983,294,28.364837567757,80,288,2845.9,666,1,1,93.19
Josh Richardson,24,198,-149,79,10.04370315448908,18,12.137251539813336,55,103,741.8,27,0,0,0.0
Lucas Nogueira,15,115,-51,40,10.901587202007526,9,16.173862532894987,27,30,318.8,21,0,0,0.0
Johnny O'Bryant III,58,506,-178,183,12.115445498727142,78,14.2924574763061,71,152,1728.4,168,0,0,0.0
Dwight Buycks,100,330,2,105,18.56919093851133,39,29.12018477312636,72,188,618.0,42,0,0,5.21
Gabriel Deck,8,102,19,39,13.110889046941676,15,17.090056586286266,45,44,281.2,21,0,0,0.0
D'Angelo Russell,11,68,-74,24,16.006235230934486,9,17.04898268019059,21,35,186.2,12,0,0,0.0
Derrick Brown,38,287,-17,124,21.704066472457622,45,16.487353047196315,82,150,755.2,27,0,0,0.0
Stephen Curry,50,413,-99,147,11.44103198419088,83,16.49672055033262,56,238,1366.3,150,0,0,0.0
Harrison Barnes,55,441,185,186,18.8712752552683,42,11.9212001917383,66,248,1380.9,119,0,0,1.0
Josh Smith,1,15,-2,6,7.87207317073171,6,16.534780536378925,5,4,65.6,8,0,0,0.0
Elijah Hughes,232,1300,-41,457,20.20403765690376,174,20.366569752745328,82,295,2629.0,450,0,0,7.59
Vladimir Radmanovic,206,941,84,332,16.933766293513266,163,22.985984626751733,61,181,1956.3,351,0,0,2.2
Kevin Love,191,953,-113,318,13.665926839108804,90,19.52971837005016,82,304,2230.7,98,0,0,0.0
Marcin Gortat,0,0,10,0,-13.063333333333333,0,14.597973434970376,2,0,3.0,0,0,0,0.0
Josh Childress,313,1417,269,457,20.241323246794096,194,23.08033354341644,79,281,2861.9,586,0,0,43.02
Kristaps Porzingis,19,222,-133,99,18.84172628875435,37,18.00917692838689,79,136,545.1,29,0,0,0.0
Klay Thompson,266,980,436,357,21.52252030642492,107,15.533167537518766,82,792,2597.7,90,0,0,48.07
Payton Pritchard,5,76,24,33,17.748143289606453,4,14.57069863585243,13,24,198.2,18,0,0,0.0
Mangok Mathiang,17,97,-22,34,9.68737278761062,18,30.60067521179649,26,8,180.8,23,0,0,0.0
Tyson Chandler,0,6,28,2,5.5207228915662645,2,4.579993868175944,3,13,66.4,0,0,0,0.0
Nik Stauskas,29,144,-32,56,18.53501906577693,9,14.19461290483413,47,68,419.6,36,0,0,0.0
Beno Udrih,122,642,-221,251,20.846820080560946,75,20.918362788927496,62,251,1340.6,88,0,0,0.0
Kyrie Irving,64,310,-107,108,12.61548969316994,38,12.524194568593158,51,104,1052.7,49,0,0,0.0
Jordan Clarkson,20,291,177,96,12.555665553650392,20,10.54741744660435,57,181,1108.1,43,0,0,0.0
Carlos Arroyo,77,608,-87,247,19.761149487317866,59,23.64723853668182,45,212,1111.8,43,0,0,0.0
Will Bynum,89,534,-40,197,15.056877848008227,116,20.65709412677461,54,154,1360.6,225,0,0,0.0
Carsen Edwards,157,829,258,289,19.77832836787564,85,23.677605977054032,69,144,1544.0,204,0,0,0.53
Henry Sims,5,39,-14,16,14.161460234680575,6,23.566488722219983,21,8,76.7,2,0,0,0.0
Alex Len,344,1830,164,647,29.77927422206506,281,36.16302684401157,68,473,2262.4,567,1,1,90.16
Stanley Umude,67,864,127,285,13.79839898099157,52,17.410626739946714,78,195,2041.2,79,0,0,0.0
Russell Westbrook,55,415,58,161,19.501714551742484,72,28.247740172062137,39,82,751.8,211,0,0,0.03
Zach Randolph,6,24,-44,9,16.393434856175972,3,15.891896445440008,24,6,59.1,3,0,0,0.0
Mason Plumlee,18,96,-43,39,11.10059492847854,17,15.600908532403624,23,48,307.6,7,0,0,0.0
Luke Walton,3,17,-5,7,24.27996268656716,1,25.884413309982484,5,5,26.8,0,0,0,0.0
Jodie Meeks,47,216,-23,76,9.207350908625545,27,15.364166305079427,58,91,781.4,39,0,0,0.0
Dan Gadzuric,122,1048,230,366,13.467035355948406,141,16.588264212801064,82,382,2930.2,209,0,0,4.01
Dexter Pittman,46,222,-40,88,13.451187057068251,40,9.673357719422974,82,261,1072.4,8,0,0,0.0
Taurean Prince,1,7,2,2,8.351523178807948,1,23.107413654603327,11,0,15.1,1,0,0,0.0
Jerome Jordan,223,1248,219,422,18.29442546802421,118,23.90049541070512,69,238,2131.3,120,0,0,10.77
Kyrie Irving,40,277,-97,110,15.151025006870022,31,15.288815822949516,62,73,727.8,18,0,0,0.0
Max Strus,6,29,-22,11,4.618600386100388,12,20.689261108115385,48,21,103.6,6,0,0,0.0
Danuel House Jr.,219,939,-7,360,22.730231324179663,122,16.34546206245637,73,583,2148.5,87,0,0,7.52
Justin Hamilton,21,230,5,87,13.73407790528528,19,13.946213648665562,33,62,618.7,32,0,0,0.0
Nicolas Batum,304,1830,189,643,23.46193443580476,168,29.34155079618886,82,263,2739.3,434,1,1,64.05
Zach Collins,7,31,27,11,8.655861214374225,2,20.91305831746964,43,5,80.7,5,0,0,0.0
Reggie Jackson,26,520,-25,197,15.020277552345402,48,17.221966305595565,71,146,1232.2,104,0,0,0.0
Randy Foye,23,76,46,26,15.345070378479829,16,12.963615788437409,79,64,319.7,39,0,0,0.0
Naji Marshall,17,284,-85,108,14.82384437373445,35,18.33515468126179,53,76,691.4,69,0,0,0.0
Sindarius Thornwell,0,0,0,0,18.38375,0,0.0,3,1,0.8,0,0,0,0.0
Elfrid Payton,4,37,-36,15,10.975832540437676,2,18.60024894490861,24,12,105.1,10,0,0,0.0
Jordan McRae,254,836,-8,261,18.11171479486452,195,17.501730948830943,76,237,2469.1,682,0,0,14.11
DaQuan Jeffries,232,1466,257,534,27.15242402278021,139,31.202389798698395,61,194,1931.5,306,1,1,69.39
Duncan Robinson,61,475,-60,171,14.428523991809852,63,19.285676579248555,48,102,1123.3,112,0,0,0.0
Rudy Gobert,12,45,25,16,15.31531582682754,3,12.818675111742705,21,14,140.9,10,0,0,0.0
Jose Calderon,0,0,0,0,14.257979607256786,0,18.572275528227934,1,0,0.0,0,0,0,0.0
Malcolm Brogdon,85,638,177,265,14.295787019533712,89,20.3176359920536,73,104,1587.0,285,0,0,0.0
Cole Aldrich,5,67,-60,29,6.562655642023344,25,23.349265110706,10,33,205.6,31,0,0,0.0
Jaylen Brown,42,282,0,96,14.014853069901212,38,16.043736281360214,34,116,799.7,50,0,0,0.0
Norman Powell,2,18,-88,7,3.3400000000000016,8,12.380229895592542,8,20,123.5,5,0,0,0.12
Kyrie Irving,42,450,216,158,10.856259087582336,61,9.654957052819926,71,362,2049.5,180,0,0,1.65
Peja Stojakovic,669,2135,149,704,33.53177980132451,192,32.95423674408251,70,270,2416.0,371,1,1,76.86
Jamil Wilson,19,143,-20,50,18.951388494318184,17,20.109915336119364,9,18,281.6,18,0,0,1.0
Donatas Motiejunas,48,753,-180,292,19.319965056997187,92,18.22333334419828,58,134,1745.7,309,0,0,0.0
Enes Freedom,85,515,-123,192,12.031038544695448,68,18.122804096825007,79,175,1341.3,64,0,0,0.0
Tyrus Thomas,37,167,-61,63,14.835095044679123,26,13.568183013852872,31,115,615.5,43,0,0,0.0
LeBron James,118,902,40,296,14.624646558105107,105,19.633696994802065,78,140,2161.6,316,0,0,1.2
Enes Freedom,120,726,-50,272,22.119450377702528,76,28.01469498602681,36,139,1151.7,173,0,0,0.9
Matt Barnes,57,603,-174,231,13.945721797323134,53,16.81604908015366,71,252,1673.6,78,0,0,0.0
Kent Bazemore,107,525,31,209,18.44744217935825,76,21.76504848748969,62,207,1093.9,97,0,0,0.0
Arinze Onuaku,20,400,-65,161,6.94899193548387,61,14.27875111862524,49,96,1463.2,96,0,0,0.26
Dwight Howard,52,218,38,76,19.687886454183268,45,19.299594814068865,29,107,502.0,61,0,0,0.0
Gary Neal,9,90,-74,39,18.94716459977452,11,23.50950387693433,11,31,177.4,12,0,0,4.06
Nate Robinson,16,84,33,28,5.969144087110661,23,12.809323524777003,51,46,394.9,39,0,0,0.0
John Lucas III,0,9,-9,3,0.0564799999999998,0,15.139525596528008,2,1,37.5,2,0,0,0.0
Pablo Prigioni,50,491,-110,184,14.706688635553968,86,20.378455166982828,75,183,1122.8,140,0,0,0.0
Marcus Smart,71,409,24,169,16.280417346700865,62,14.842233742314551,54,270,1286.7,67,0,0,0.0
Dwayne Bacon,159,1000,55,366,14.916009346743872,93,25.296838688767043,82,201,1968.6,135,0,0,1.17
Josh Gray,476,2026,500,711,23.61447040549919,278,32.39416846133672,81,249,3025.9,623,1,1,89.76
Manny Harris,64,618,-68,242,19.83853521636792,54,23.623851138051595,32,171,1104.6,98,0,0,0.0
Tyrone Wallace,0,6,-13,3,2.33142372881356,3,14.424290486803306,43,7,59.0,2,0,0,0.0
Thaddeus Young,30,233,37,88,16.015982697426793,38,11.909086452274488,78,72,901.6,180,0,0,0.5
Boban Marjanovic,11,81,-85,33,9.338613318717456,17,10.428276632827018,42,47,364.9,25,0,0,0.0
Chris Silva,152,774,89,242,12.724882153249274,60,15.858164754573162,76,150,2062.0,78,0,0,0.0
Josh McRoberts,2,15,25,6,0.543651685393258,6,14.030119495798289,15,8,106.8,5,0,0,0.0
Blake Ahearn,18,152,24,67,14.431107878245298,47,11.546776099202054,42,249,893.6,75,0,0,0.0
Emanuel Terry,137,532,-113,197,21.856683091073325,59,15.705742788309816,80,269,1217.7,38,0,0,0.0
Alex Len,223,1503,-131,625,23.754958309537408,183,25.010785857436385,82,629,2626.5,161,0,0,31.93
Deandre Ayton,0,0,0,0,14.257979607256786,0,18.572275528227934,1,0,0.0,0,0,0,0.0
Jay Scrubb,55,329,309,137,11.035915474471716,55,9.854384603688006,72,197,1523.8,69,0,0,0.0
Brandon Jennings,36,238,53,101,26.03085742574257,13,15.00186754256639,27,59,505.0,10,0,0,1.0
Terrence Ross,143,650,-218,184,13.341512354693617,41,14.499438403414958,65,158,1711.9,64,0,0,0.0
Jarred Vanderbilt,39,437,-80,183,16.412291854072958,37,19.2006556350702,82,221,1000.5,35,0,0,0.63
Jeff Dowtin Jr.,0,6,6,3,35.02297297297297,1,36.59423456768419,20,1,7.4,0,0,0,0.0
Al Horford,20,509,-133,204,16.178402115402772,50,20.29340793554411,82,135,1058.9,116,0,0,0.0
Reggie Evans,20,85,-58,29,21.971493936052926,10,18.18926536995649,22,30,181.4,19,0,0,0.0
Norvel Pelle,94,481,-68,159,18.20379738810701,51,25.351808327303875,36,50,788.7,71,0,0,0.0
Clint Capela,29,161,-65,66,13.686774530271396,33,10.858908928554388,65,129,766.4,28,0,0,0.59
Dorian Finney-Smith,136,813,213,336,17.2180015485203,117,16.142665489955593,82,384,2324.8,122,0,0,1.97
Austin Reaves,17,87,55,35,9.37137529137529,31,12.345347251895443,17,96,429.0,16,0,0,0.0
Marcus Thornton,17,102,-2,35,15.045791720017071,9,19.10743149920755,24,52,234.3,15,0,0,0.0
Cam Whitmore,14,373,-57,131,14.71036101083033,29,15.872624475101906,40,90,858.7,35,0,0,0.57
Will Barton,28,121,-86,40,14.770264723378943,8,16.653436199285913,64,54,336.2,22,0,0,0.0
Lavoy Allen,34,277,0,110,12.426580988769246,28,17.09138177498988,73,151,863.7,49,0,0,0.0
DeAndre Jordan,0,6,-25,2,6.6781639344262285,2,11.043753673613782,4,3,30.5,3,0,0,0.0
Marcus Morris Sr.,5,63,-46,29,21.707788602045778,15,11.903633783586562,21,53,205.3,21,0,0,0.0
Al Jefferson,13,147,38,59,17.894503956177715,12,19.37028814264292,49,20,328.6,53,0,0,0.0
Draymond Green,29,196,-6,80,9.219635375019983,33,19.92676779822581,41,71,625.3,66,0,0,0.0
Cameron Payne,33,547,256,197,12.674562755676767,63,14.014370175162512,68,174,1686.7,91,0,0,0.0
Alan Williams,17,85,32,29,18.71638852672751,10,23.890642891299784,12,30,153.4,13,0,0,0.0
Marcus Camby,27,205,-189,78,7.555074684029111,24,13.00071884607955,63,96,783.3,27,0,0,0.0
Iman Shumpert,364,1847,146,641,29.209809188507847,292,37.67406276809968,65,537,2300.7,568,0,1,83.95
DeSagana Diop,80,1125,-93,402,14.502197201017816,105,20.972685166404577,81,176,2358.0,171,0,0,1.0
Jordan Clarkson,12,86,-77,30,5.89338521400778,7,13.724624386794025,82,21,308.4,11,0,0,0.0
Ray Spalding,101,658,-621,226,10.678701693199075,141,19.578728381665385,71,186,1777.7,227,0,0,0.1
Nicolas Batum,80,801,18,303,19.57030811451381,143,24.989058532073933,73,186,1603.3,434,0,0,1.01
Saddiq Bey,9,29,1,10,22.71995594713657,6,22.711024301347297,19,24,68.1,5,0,0,0.0
Marcus Smart,166,717,74,269,19.6985663441219,64,14.087916847418477,82,231,1798.2,97,0,0,1.15
Gilbert Arenas,292,1367,50,530,24.40406348286707,162,25.11154750884248,74,578,2416.4,278,1,0,40.84
Jrue Holiday,209,1145,248,378,23.013950872359967,117,27.380657083911863,56,181,1742.4,268,1,0,13.98
Keenan Evans,147,574,-92,189,15.868596177750156,110,22.382997232468053,54,87,1287.2,265,0,0,0.28
Joshua Primo,14,93,-77,36,11.90423234251432,25,14.38156852896356,20,71,366.7,29,0,0,0.0
Derrick Rose,27,303,-181,108,12.999498378790769,32,12.573136941097074,77,148,1048.6,58,0,0,0.0
Bojan Bogdanovic,35,317,25,107,8.141269243475389,42,10.405194899593315,72,172,1513.5,75,0,0,0.0
Georgios Papagiannis,0,0,-20,0,2.8989270386266086,0,1.905339895136855,2,0,23.3,4,0,0,0.0
Nikola Vucevic,7,77,-6,31,8.289405017921148,8,14.626432063788014,17,34,279.0,18,0,0,0.0
Alex Caruso,169,866,-177,344,17.26303209415668,83,19.62140110504269,82,259,1928.7,104,0,0,0.85
Raymond Felton,5,37,-70,13,5.229904761904762,13,13.0913929410276,10,14,199.5,33,0,0,0.12
Andrew Nicholson,162,1010,-555,364,13.937529891858802,104,18.50407080592162,79,447,2450.5,101,0,0,0.5
Keita Bates-Diop,94,879,213,360,14.041014525750194,135,21.940392325420632,66,155,2196.1,290,0,0,4.11
Ochai Agbaji,19,168,-23,59,13.04033839918946,19,15.96270957402322,60,106,493.5,29,0,0,0.0
Brian Cook,46,471,99,173,16.070541168065724,53,17.72319799669171,63,192,1119.8,53,0,0,0.0
Lazar Hayward,68,631,44,246,26.06509448998178,57,29.57592172043883,26,97,878.4,152,0,0,12.67
Jalen McDaniels,73,344,84,120,18.539381823546773,29,20.27783960835412,24,93,677.8,44,0,0,0.0
Stephen Jackson,50,671,78,229,11.549892914954548,114,13.67424594250983,78,329,2409.3,283,0,0,2.03
Immanuel Quickley,16,229,-39,91,17.92682768924303,20,15.582470859192396,33,110,602.4,33,0,0,0.0
Marco Belinelli,21,168,-66,65,13.821115160349857,27,20.910639416839857,41,45,411.6,63,0,0,0.0
Kris Humphries,73,639,354,228,15.036531098153548,100,14.157707091639889,71,298,2058.0,281,0,0,0.93
Paul Millsap,92,486,295,197,18.69693077927732,69,18.203708125850408,46,207,1148.5,39,0,0,0.93
Marquis Teague,0,0,-2,0,-18.83307692307692,0,33.945729776155446,4,1,1.3,0,0,0,0.0
Tyler Cook,134,1048,-325,404,14.617109950710066,194,29.01911270313076,69,210,2049.1,358,0,0,7.7
Jamal Murray,61,721,-218,330,10.619672264512754,130,23.573644599709425,81,239,1720.9,57,0,0,2.44
Rudy Gay,59,447,10,166,12.54543607348302,32,17.68195638515109,44,116,1077.8,45,0,0,0.0
David Roddy,2,26,-17,10,5.858374673629243,14,13.10227388744038,57,12,153.2,26,0,0,0.0
Kwame Brown,21,130,1,50,10.983797822706068,38,23.63552429831136,52,36,321.5,48,0,0,0.0
Dan Gadzuric,25,62,-38,17,6.367113237639555,20,11.372703016969536,73,39,313.5,18,0,0,0.0
Xavier Tillman,166,891,-49,304,16.740080899411097,83,20.76201530391213,58,191,1681.1,87,0,0,0.0
Didi Louzada,107,698,-146,253,12.43907235733205,82,19.83065210301824,62,125,1661.2,120,0,0,0.0
Kemba Walker,118,570,-51,196,11.122850557705442,63,15.436892965388164,82,177,1757.2,91,0,0,0.0
Jalen Suggs,38,176,13,62,10.701125967628432,23,14.409856949271916,82,79,568.4,31,0,0,0.0
Thanasis Antetokounmpo,19,97,-54,34,11.453063697857948,36,17.406082655010145,48,24,354.8,93,0,0,0.0
Chris Johnson,157,1016,-72,341,16.600252501191047,70,22.935862979530818,69,209,1889.1,82,0,0,0.0
Mike Conley,132,595,-326,209,13.97557378487454,88,25.111478527037228,81,93,1139.8,130,0,0,0.0
Johan Petro,4,54,35,21,4.416544035674471,6,10.738587239775294,43,12,269.1,11,0,0,0.0
Kyle Lowry,36,196,-33,71,15.728472897532868,22,15.756581518566804,47,93,555.3,32,0,0,0.0
Marques Bolden,186,944,277,379,22.22553471596033,84,22.980589540313325,60,262,1663.5,50,0,0,7.51
Luka Samanic,90,590,206,227,19.319146892655368,50,29.001034886737205,32,73,885.0,88,0,0,9.85
Lance Stephenson,199,1019,-70,361,15.318910868262096,146,25.702352598402666,67,192,2168.7,305,0,0,0.78
Josh Minott,30,176,-73,65,14.23954623655914,27,18.20275832834688,18,29,465.0,95,0,0,0.0
Sonny Weems,86,846,-120,305,15.159965056213917,91,16.755373064193428,82,209,1974.6,128,0,0,0.0
Nick Collison,522,1761,373,580,31.55188553126306,226,33.414368208690554,66,711,2154.3,234,1,1,94.94
Gustavo Ayon,207,1130,-343,391,20.083927565591186,188,24.49752321545055,59,238,2023.9,338,0,0,9.69
Stanley Johnson,45,256,191,92,19.616527481323377,38,12.689257699706818,25,129,749.6,90,0,0,2.76
Courtney Lee,15,142,-127,51,8.975555113410268,29,14.303135984868725,19,44,502.6,62,0,0,0.0
Khris Middleton,244,1331,49,527,27.398510534291447,162,27.10272882278893,63,406,2045.7,312,0,0,26.41
Ryan Arcidiacono,194,852,290,302,22.13642851946162,119,30.62059734719764,59,105,1374.5,307,1,0,23.31
Erik McCree,7,108,-57,38,9.604251637043962,28,13.548108115241623,39,49,427.6,65,0,0,0.0
Nikola Pekovic,8,93,-24,31,17.847413793103453,4,15.598843898554446,32,19,197.2,3,0,0,0.0
Greg Monroe,2,11,-73,4,-3.4804863813229594,10,13.645334561659975,62,2,102.8,6,0,0,0.0
Sonny Weems,21,286,-5,103,11.65445800430725,32,19.51905231587361,59,62,696.5,47,0,0,0.0
Thomas Bryant,45,278,171,104,14.440749205698472,38,14.756302377822893,53,170,975.7,75,0,0,0.0
Admiral Schofield,9,72,-41,25,9.6925,10,13.356839986917416,25,28,266.4,15,0,0,0.0
Zaza Pachulia,156,825,213,296,18.296735000536653,105,19.089075763665846,72,271,1863.4,244,0,0,2.6
Danny Green,77,640,66,241,13.612345440054652,77,17.397832705801065,65,207,1756.6,143,0,0,0.0
Michael Carter-Williams,13,88,8,34,6.7329153686396666,11,11.223464697911917,67,40,385.2,9,0,0,0.0
Jason Thompson,10,70,-85,26,11.491128545564278,16,21.298814393221686,4,11,165.7,12,0,0,0.12
Jalen Jones,15,109,-89,47,8.357469287469288,14,12.453912049093567,82,58,488.4,9,0,0,0.0
Paul Millsap,47,492,170,166,13.799322002586374,42,18.78089486102586,54,124,1082.6,64,0,0,0.0
Tony Bradley,4,20,-39,8,14.039595536959553,5,11.414805374432367,36,10,71.7,6,0,0,0.0
Pascal Siakam,12,121,-10,41,13.036931907122357,15,12.52541107516757,21,42,383.3,21,0,0,0.0
Donte DiVincenzo,9,81,-50,36,20.565399575671844,10,10.340428986400124,53,54,282.8,7,0,0,0.0
Wade Baldwin IV,65,625,-278,231,12.696069495245064,71,22.08891075337208,68,146,1367.0,91,0,0,0.0
Daniel Theis,24,249,-30,84,12.748994166798044,39,19.09051993720781,37,63,634.3,57,0,0,0.0
Chris Chiozza,72,406,-166,138,15.396019831806198,44,23.28377702454583,35,64,796.7,38,0,0,0.33
Malachi Flynn,64,282,-96,109,18.787581708925693,44,16.79513019764259,77,134,682.3,46,0,0,0.0
DaJuan Summers,93,647,40,235,14.205698691113351,54,13.971388594861605,71,140,1887.1,132,0,0,0.0
Gary Clark,91,761,346,295,14.221258312398405,118,13.635225872494535,81,547,2706.8,331,0,0,16.16
Ja Morant,50,258,-58,104,16.061036834924963,33,19.24510519247394,52,74,586.4,31,0,0,0.0
Danny Green,13,132,-100,44,12.13309248554913,10,13.02660612381146,82,34,380.6,14,0,0,0.0
Jerrelle Benimon,158,1515,-62,612,21.32659723769213,160,24.506144268773088,74,336,2693.4,448,0,0,10.25
Aaron Gordon,0,2,4,1,7.043153846153844,0,13.259315784574929,17,2,13.0,0,0,0,0.0
JaVale McGee,219,1147,-142,464,19.59230823629249,149,26.07272359480216,65,374,2121.1,162,0,0,1.54
Jamal Crawford,39,288,-90,97,10.43644071994716,42,10.69454652514189,51,116,1211.2,118,0,0,0.91
Jaren Jackson Jr.,104,402,-137,149,10.557975190984044,92,17.20883818290422,81,196,1322.1,27,0,0,0.0
Alex Caruso,261,1367,-192,516,21.20071514278857,168,29.28910486522649,64,206,2083.5,330,0,0,19.91
Dewan Hernandez,179,1665,218,701,29.239890048601712,159,28.130547398486687,82,736,2510.2,307,1,1,64.86
Jeremy Sochan,79,405,42,138,19.365948058831325,41,22.16949058958232,80,124,754.7,63,0,0,0.0
Ramon Sessions,2,14,8,5,14.540652173913044,0,14.111860900943718,3,9,46.0,3,0,0,0.0
Derrick White,198,1118,407,458,17.582534584580536,133,22.009248642689208,82,422,2472.2,223,0,0,6.98
Jrue Holiday,26,192,-108,71,19.0701490792166,27,26.14473685787356,30,35,342.1,51,0,0,0.1
Brandon Knight,84,339,34,113,10.144250729808624,44,12.898530690730423,82,147,1233.2,73,0,0,0.0
Josh Richardson,126,688,-126,281,18.025132509310737,69,15.434855017049465,78,272,1852.7,81,0,0,0.0
Lou Williams,61,362,-114,123,11.79641885867142,41,19.09204375240161,49,96,897.2,64,0,0,0.0
DeMarcus Cousins,110,472,-86,157,13.903812790609036,47,15.934135664385726,73,177,1311.9,95,0,0,0.0
Joe Harris,58,412,-1,155,9.11141635445512,80,18.20143483892987,76,102,1227.8,111,0,0,0.0
E'Twaun Moore,4,10,6,2,12.59955801104972,5,29.439025389982483,10,2,18.1,2,0,0,0.0
Chris McCullough,21,108,-4,37,11.19168011738812,13,21.371772826577505,66,17,272.6,14,0,0,0.0
Ousmane Dieng,110,1043,70,390,11.357086860721326,94,19.59644871310132,82,209,2586.9,109,0,0,0.0
Lindell Wigginton,25,190,-14,75,10.550530339225991,15,15.48160556770794,36,62,627.9,37,0,0,0.0
Darnell Jackson,0,7,0,3,10.847803030303035,1,19.321607238223947,5,0,13.2,1,0,0,0.0
Dennis Schroder,255,1349,321,479,23.83121346761453,177,27.617686494675223,62,421,2025.6,189,0,1,56.87
Dion Waiters,37,133,-54,48,19.075971700837425,32,17.218375024747782,68,66,346.3,23,0,0,0.0
Rodney Stuckey,170,1110,10,396,20.9931478316599,150,26.020261077330453,72,184,1872.4,370,0,0,2.63
Ish Smith,39,201,102,81,14.977409836065574,24,15.502564397932804,37,75,579.5,30,0,0,0.93
Aaron Gordon,82,537,-133,193,12.82085817025102,59,18.761005364075977,80,210,1446.1,78,0,0,0.0
Greg Monroe,1,3,2,1,2.7328923766816144,2,5.823624731092671,45,15,44.6,0,0,0,0.0
Sim Bhullar,4,12,-7,4,28.939272030651345,0,13.589848692028294,5,3,26.1,3,0,0,0.0
Norvel Pelle,18,240,-92,108,16.225211816467635,42,13.528261994297782,82,95,795.5,75,0,0,0.33
Mike Conley,44,217,-83,80,7.306146996679747,47,20.486260266582413,76,106,662.6,17,0,0,0.0
Mario Chalmers,260,1189,328,425,25.69579133226324,124,24.48645380850794,65,171,2180.5,543,1,1,57.48
JR Smith,45,539,230,207,13.035112580775444,66,11.792686438496307,75,287,1980.8,149,0,0,0.0
Davis Bertans,75,615,-42,216,16.282046775336646,73,17.895282583657153,48,251,1411.0,56,0,0,0.0
Lou Amundson,15,122,80,43,12.533272936439465,13,15.521545828283443,45,53,347.7,21,0,0,0.0
Quentin Grimes,237,1446,296,527,16.90393479965645,134,26.668681186636263,82,361,2677.9,218,0,0,19.22
Thon Maker,0,6,1,3,15.510000000000003,1,11.759457390654202,5,0,19.0,1,0,0,0.0
Aron Baynes,67,292,-49,96,11.564082367053178,34,19.40681743076115,30,82,750.3,35,0,0,0.0
Reggie Bullock,49,330,-235,137,8.679188617573544,57,17.955188785641724,42,83,1040.2,49,0,0,0.0
Anthony Lamb,104,713,-49,261,12.918729179777634,96,13.980838318326208,81,388,2383.5,122,0,0,0.0
Rakeem Christmas,177,882,264,284,17.10451287172659,99,22.333938113031444,78,216,1802.4,275,0,0,2.23
Obi Toppin,72,527,70,196,20.60976918342224,36,21.093610985938124,80,101,974.8,130,0,0,0.0
Drew Gooden,1,13,-65,6,1.5858213716108458,2,8.920248136558204,5,13,125.4,5,0,0,0.22
Shayne Whittington,35,158,-64,53,22.01697755417956,15,26.036678991002887,11,45,258.4,12,0,0,0.0
Marcin Gortat,20,242,-76,88,10.010587965791084,34,19.22070681432964,66,46,654.8,67,0,0,0.0
Luka Doncic,88,610,-79,261,22.20580123349924,60,11.532295316766346,76,322,1848.4,38,0,0,0.0
Shaun Livingston,67,576,131,209,11.095109484635856,142,19.66726283360641,55,175,1653.2,233,0,0,0.1
Jake Layman,34,198,-8,82,12.034403759820426,37,14.94856761004122,57,149,712.8,19,0,0,0.0
Michael Beasley,36,218,-14,79,14.256274065685163,28,19.31795173592078,72,43,529.8,69,0,0,0.0
Sebastian Telfair,83,381,-84,143,18.24213590956888,49,22.69875516182961,33,128,760.8,77,0,0,0.33
Norman Powell,0,11,-17,5,8.476367713004478,1,10.01557475960466,19,8,66.9,5,0,0,0.0
Jeremiah Robinson-Earl,105,834,-63,316,14.5590688306381,145,25.29953648659773,82,173,1712.9,294,0,0,0.11
Jeff Green,46,134,77,44,24.65003129890453,22,15.6070482225539,12,87,319.5,20,0,0,5.86
Paul George,152,834,-49,303,19.389096958174907,119,22.41443264417317,55,399,1788.4,248,0,0,1.45
Jordan Hamilton,32,250,39,97,13.056824186046518,37,22.2840217753243,70,57,537.5,31,0,0,0.0
Matisse Thybulle,61,390,-13,134,16.269739907884038,34,21.45816095041408,49,71,738.2,36,0,0,0.0
Derek Fisher,66,441,-52,177,7.492952003173349,105,21.894618785698533,66,70,1260.5,133,0,0,0.0
Juwan Morgan,76,782,373,268,13.057572272166404,52,14.530933599169057,77,261,2269.2,105,0,0,1.0
Mike Scott,4,29,-59,12,1.957351443123941,11,21.82316956312557,5,5,117.8,18,0,0,0.0
Delonte West,22,156,-62,67,12.109325999164463,38,10.668098441196925,32,134,718.1,51,0,0,0.0
Malik Monk,78,306,-26,114,13.542880190425809,70,14.632003701230088,54,204,1134.3,79,0,0,0.0
Al Jefferson,4,36,-18,14,9.091307452030344,6,12.516648997151632,13,18,224.1,58,0,0,0.0
Julius Randle,1,11,8,5,6.000848920863311,4,11.303494561871776,6,14,69.5,11,0,0,0.0
Austin Rivers,15,130,-69,55,15.744387226697354,14,13.79271481413962,77,51,347.6,9,0,0,0.0
Will Barton,348,1394,-113,522,26.34809525829162,109,25.378313567590737,75,466,2357.8,105,1,0,24.85
Darius Bazley,317,1501,-121,591,22.513692758578586,175,27.45466354544815,81,369,2456.7,146,0,0,29.55
Ben Gordon,13,100,-8,40,13.820478841870822,24,28.77399623621486,29,22,179.6,20,0,0,0.22
John Henson,11,45,-16,17,14.34734452122408,10,22.71290796989373,61,12,101.3,3,0,0,0.0
Terrence Jones,4,43,8,15,21.70989247311828,7,23.97129641058685,16,9,74.4,4,0,0,0.0
Dzanan Musa,24,215,-27,79,10.867716500877709,46,14.759868840063325,65,112,683.6,51,0,0,0.0
DeShawn Stevenson,15,85,-66,32,6.045487528344667,25,26.107084187741314,70,16,220.5,21,0,0,0.0
Quincy Acy,249,1196,130,437,21.5999332003988,130,26.52865492482492,58,310,2006.0,250,0,0,22.4
Jason Preston,7,70,-69,30,7.509995678478824,11,17.712983022358202,55,23,231.4,7,0,0,0.0
Armon Johnson,121,716,304,254,13.96543981268938,162,17.525663894704348,80,173,2178.2,357,0,0,3.94
Marcus Thornton,1,16,35,7,1.8249237668161449,2,12.849259951682429,53,8,111.5,4,0,0,0.0
Reggie Bullock,234,1123,112,444,22.50049064645987,152,23.915672092626025,65,517,2111.5,85,0,0,9.37
Will Magnay,73,341,193,134,17.694290846194782,56,20.276021414117228,53,130,751.6,26,0,0,0.32
Julius Randle,160,836,-162,284,16.568567676316082,157,22.62264794485046,67,223,1789.4,228,0,0,0.65
LaMarcus Aldridge,40,458,188,152,13.080826887300494,76,11.643088439237047,82,273,2042.6,249,0,0,0.0
Dwayne Bacon,16,107,8,38,8.408645191852203,18,14.401324509782407,51,71,422.2,22,0,0,0.0
Briante Weber,9,82,-83,33,8.703813892529492,13,17.60206030929473,73,57,305.2,13,0,0,0.0
Dion Waiters,104,642,-95,242,20.0804605880513,72,21.140993709319705,79,265,1278.8,66,0,0,0.0
James Harden,87,822,288,312,15.684717430390204,90,18.26701818176873,82,255,2057.9,123,0,0,0.0
Travis Outlaw,0,4,3,2,69.08407407407407,0,33.641580120453355,63,1,2.7,0,0,0,0.0
James Ennis III,0,5,-1,2,21.06384615384616,1,17.34751789882834,11,0,10.4,1,0,0,0.0
Marcus Cousin,0,2,-22,1,-3.8642288557213935,5,9.572041369195482,18,5,40.2,2,0,0,0.0
Jimmy Butler,166,893,89,326,20.78899957990758,131,25.310918499381657,54,216,1666.3,381,0,0,2.2
Marcus Morris Sr.,91,411,99,141,23.73590276081113,28,19.875083041066205,71,170,818.6,26,0,0,0.0
Nikola Vucevic,1,27,-41,13,17.619482470784643,1,25.105640592333767,19,11,59.9,1,0,0,0.0
Juan Toscano-Anderson,4,154,-26,53,14.71907246376811,9,16.680489997789905,50,39,345.0,22,0,0,0.0
Antawn Jamison,35,397,240,142,15.783655192532084,40,17.353913988521754,65,103,1028.4,117,0,0,0.0
Julian Champagnie,0,17,-20,7,5.377075365579304,4,13.517708215939924,4,12,88.9,4,0,0,0.0
Ousmane Dieng,213,1010,29,358,20.53586197198943,78,24.938909108447024,53,342,1777.9,128,1,0,1.54
Ike Diogu,46,382,-13,155,12.121468920834175,47,20.064713687530336,75,118,987.8,57,0,0,0.0
Ante Zizic,19,78,-35,25,9.01982373059721,17,13.235883870011827,18,63,380.1,21,0,0,0.0
Willy Hernangomez,40,625,12,234,15.100680052666224,59,16.19736113671146,69,179,1519.0,118,0,0,0.0
Doug McDermott,44,267,-158,89,10.78423528241846,54,13.461014976114352,72,124,1005.6,89,0,0,0.0
Marcus Thornton,109,716,-225,273,16.547772727272726,79,17.891123370252778,69,307,1782.0,178,0,0,0.0
E'Twaun Moore,24,255,65,93,12.3538400962485,41,11.62455203818466,80,70,914.3,117,0,0,0.0
Tayshaun Prince,57,386,79,158,19.1635413153457,37,18.51203306372402,45,142,889.5,36,0,0,0.0
Mychal Mulder,172,746,24,255,22.9469611028185,99,29.47357907872332,35,216,1138.9,179,0,0,12.7
Fabricio Oberto,32,346,-202,120,10.314353520186856,30,11.964816115431308,60,115,1198.8,41,0,0,0.5
Nolan Smith,5,28,-5,11,7.764650912996775,6,18.4774705982456,41,17,93.1,3,0,0,0.0
Xavier Sneed,200,1013,34,339,14.435902569970075,92,19.915716430200472,75,216,2272.4,154,0,0,0.0
Thomas Robinson,0,2,5,1,43.74814814814814,0,17.05417876486334,3,1,2.7,1,0,0,0.0
Bam Adebayo,21,134,-5,48,7.0865044411546965,10,13.47422225040125,36,37,540.4,28,0,0,0.0
Damian Jones,34,390,33,167,17.51776804646446,45,14.376016777310992,70,182,1084.7,75,0,0,0.0
Shelvin Mack,129,1167,35,458,20.961280706727138,184,24.655840665403005,67,216,2116.8,408,0,0,8.7
Garrett Temple,159,1245,56,462,15.50661539656646,120,22.456895077071653,82,222,2574.6,216,1,0,0.38
Drew Gooden,76,268,-236,96,11.745115568440022,66,11.29749663228144,66,209,1276.3,35,0,0,0.0
Austin Rivers,139,1037,202,383,16.70233098527125,96,20.69373187120298,68,259,2186.2,161,0,0,0.0
Jordan Mickey,166,1327,83,550,18.410241529688022,226,26.897118157139698,82,506,2682.9,321,0,0,18.06
Sasha Pavlovic,14,136,19,61,15.265207588671991,24,20.677992240791657,14,78,363.7,31,0,0,0.0
Fred VanVleet,182,1089,27,410,20.844132940084112,167,29.02501282764688,82,168,1830.9,391,0,0,10.41
Robbie Hummel,18,134,-58,54,9.881558967796977,19,13.576440670576211,26,45,468.9,16,0,0,0.0
Lou Amundson,12,133,-14,54,16.188853183962262,10,15.263118210079805,23,78,339.2,13,0,0,0.0
Chris Johnson,3,20,-58,8,5.473084677419351,10,15.82186175647664,6,12,99.2,13,0,0,0.0
Jodie Meeks,4,81,-35,34,12.675285714285724,10,22.57840093234948,27,27,196.0,27,0,0,0.0
Jrue Holiday,8,119,-103,40,7.456864499921497,17,10.387860286882711,44,79,636.9,30,0,0,0.0
Denzel Valentine,359,1792,351,630,30.10829770762548,207,30.49564879260084,68,433,2325.1,366,1,1,99.54
Antonio McDyess,18,129,-61,53,14.65108100558659,19,18.06991128908322,24,41,358.0,36,0,0,0.0
Mirza Teletovic,103,563,5,183,9.109084361706604,82,11.552847663235251,81,256,2374.3,141,0,0,0.0
Jaylen Brown,519,2099,51,770,30.31535953022861,181,32.736888218067136,80,712,2707.7,157,1,1,72.41
Bruce Brown,0,0,0,0,14.257979607256786,0,18.572275528227934,2,0,0.0,0,0,0,0.0
Aaron Holiday,10,121,-152,45,13.102432281485616,32,17.93521427669975,75,80,358.1,53,0,0,0.0
Monte Morris,38,318,13,132,10.826103171058504,51,18.51596623059728,57,123,895.6,36,0,0,0.0
Rayjon Tucker,77,386,-106,138,17.29034715781105,80,27.267841002599543,35,78,754.7,178,0,0,0.0
Jeremy Sochan,2,35,-46,15,9.774502793296094,8,22.986194756204707,7,6,89.5,11,0,0,0.0
Antoine Wright,155,1056,-53,414,19.19369968359993,123,18.451465967118622,76,253,2275.6,248,0,0,0.8
Richaun Holmes,117,613,-266,232,13.649504132231408,174,27.293665815855373,53,211,1391.5,302,0,0,3.88
Isaiah Livers,375,1036,-101,287,20.059793332245604,77,23.091369051489988,54,229,1838.7,135,0,0,9.57
Jalen Wilson,41,315,-222,110,11.559114019092576,36,15.37970514223566,56,114,932.3,69,0,0,0.0
Amari Bailey,198,1229,231,453,19.20467707238981,166,27.338407495966862,65,217,1998.9,262,0,0,8.41
Ryan Anderson,0,20,-13,8,18.338496240601504,2,21.35648393746136,9,4,39.9,2,0,0,0.0
Patrick McCaw,7,51,-108,22,10.466240527182864,13,9.436591569412672,56,70,303.5,12,0,0,0.0
Brook Lopez,63,295,-147,102,14.82371910507204,59,17.107210222815592,46,109,853.7,152,0,0,0.0
Brandon Bass,32,254,-65,110,16.102752083673806,44,18.98923153647973,76,58,611.9,54,0,0,0.09
Grant Jerrett,119,738,-211,252,13.609897599647647,75,16.910936283349738,77,215,1816.4,98,0,0,0.0
Will Barton,27,140,-26,45,11.925176172370094,15,15.23598848768804,51,34,394.5,22,0,0,0.0
DeAndre Jordan,9,39,-14,14,9.403786982248528,8,28.86538016734785,40,14,84.5,7,0,0,0.0
Jaden Springer,2,6,2,2,3.863411764705884,4,23.846126476926425,8,0,17.0,1,0,0,0.0
Kadeem Allen,111,808,271,348,18.17881159915684,55,21.63561802878148,66,188,1755.3,74,0,0,0.56
Josh McRoberts,185,859,15,336,17.877537305857274,111,21.909381060415107,59,340,1970.2,215,0,0,1.44
Anthony Davis,1,17,-16,7,3.871289833080428,4,21.14768262033931,40,5,65.9,8,0,0,0.0
Alex Poythress,22,181,-129,72,9.47952992792228,30,15.444083579043546,28,51,638.2,36,0,0,0.0
Jan Vesely,3,21,3,8,12.16817725752508,6,19.40001992690136,30,8,59.8,11,0,0,0.0
Jared Cunningham,123,1045,161,458,18.664295283151432,99,22.22219499222778,82,281,2134.9,82,0,0,1.0
Alonzo Gee,78,603,206,262,18.70959874993024,79,15.717800119341431,66,305,1791.9,28,0,0,1.0
Deron Williams,4,22,-11,8,24.28824873096447,1,18.96914965467422,21,1,39.4,5,0,0,0.0
Daequan Cook,121,540,-186,160,19.71353097934709,32,23.64627710142725,45,94,900.6,68,0,0,0.0
Bojan Bogdanovic,45,261,-156,107,10.573913349416966,41,14.687333285271428,79,187,994.8,46,0,0,0.0
Carlos Arroyo,140,831,232,320,15.318983462366573,134,19.23638131576964,66,138,2182.9,321,0,0,6.64
Hakim Warrick,8,32,-55,12,10.157985781990527,8,14.128149816652195,13,11,126.6,5,0,0,0.0
Jodie Meeks,140,1384,361,508,21.39645942726028,111,23.285210754065915,78,288,2266.3,208,0,0,16.15
Joakim Noah,10,160,55,55,8.971084938101786,32,13.377486045047702,22,47,581.6,55,0,0,0.0
Goran Dragic,16,80,-43,32,22.309959514170043,10,16.804877845073754,29,23,172.9,17,0,0,0.0
Jordan Clarkson,9,136,-26,51,9.101767039307608,22,8.913130363555952,51,135,831.9,57,0,0,0.0
Jeff Green,3,8,23,2,10.985438066465258,4,16.93771251885054,8,2,33.1,9,0,0,0.0
Richard Jefferson,0,2,6,1,5.574945978391357,3,6.248639611573218,38,15,83.3,4,0,0,0.0
Pat Connaughton,0,0,-16,0,-12.31127819548872,1,15.634100589263465,7,2,13.3,1,0,0,0.0
Charles Jenkins,133,671,6,255,19.89619631534872,59,15.571294831680612,81,309,1671.8,91,0,0,0.14
Mike Miller,142,939,-58,353,16.78607633826286,87,20.959301240028385,72,213,1920.4,119,0,0,0.0
Miles Plumlee,16,128,-118,43,11.187239382239378,17,12.367536962975024,44,70,518.0,37,0,0,0.0
Jahlil Okafor,20,76,-56,26,8.235251282051282,23,15.42195260882384,34,29,292.5,48,0,0,0.0
Aaron Wiggins,127,806,155,339,25.047873321192807,78,17.46861721920038,72,511,1757.2,84,0,0,0.3
Dexter Pittman,100,569,259,234,14.43289002410745,71,16.941576045207896,81,296,1742.2,58,0,0,0.0
Trey Johnson,358,1954,483,736,29.130987618979464,303,30.11246580042012,81,542,2794.6,646,1,1,96.91
Lonnie Walker IV,152,1290,481,490,24.1935211912944,197,25.20788202354397,67,262,2182.5,495,1,0,44.0
Jonathon Simmons,8,213,-8,76,8.556595819633634,19,11.958624212922093,58,109,851.6,40,0,0,0.0
Trevor Booker,27,326,31,127,13.07896582391056,56,21.09382220179764,51,56,787.1,139,0,0,0.0
Mason Jones,15,180,-69,69,7.782828389830509,33,17.535232204592422,46,37,566.4,62,0,0,0.12
Trey Murphy III,146,777,-145,288,15.464886856685135,88,26.173789679043708,70,102,1498.1,171,0,0,0.0
Al Horford,180,1173,473,396,16.219283472089533,98,22.05068480789135,81,160,2198.1,110,0,0,3.5
Lester Hudson,106,1162,360,443,23.96402604193903,77,21.87690620675341,61,354,1912.3,70,0,0,7.08
CJ Miles,1,11,-17,5,5.248742331288343,1,22.594308210015143,29,4,32.6,2,0,0,0.0
Derrick Brown,39,438,294,163,11.06403199675982,45,12.44033680873066,75,140,1481.4,55,0,0,1.0
Taurean Prince,7,38,-18,12,6.656487341772149,20,25.03224266154808,17,15,126.4,24,0,0,0.0
Bruce Brown,147,738,315,251,16.61009641439284,154,23.99131609097893,75,183,1586.9,293,0,0,3.11
James Nunnally,6,188,14,77,8.934709083298449,26,9.683032588915353,66,151,955.6,51,0,0,0.0
Aleksej Pokusevski,16,254,-56,93,10.119638077858884,81,14.653881692895109,82,80,986.4,200,0,0,0.0
Dwight Powell,9,46,-12,18,14.37577157802964,5,17.32457684335188,54,21,114.7,2,0,0,0.0
Julius Randle,33,271,38,108,9.073087824351298,30,13.279548661936866,66,71,1002.0,27,0,0,0.0
Jannero Pargo,6,68,-38,25,11.416724216265337,4,13.37722978855275,67,20,220.1,4,0,0,0.0
Malachi Flynn,33,89,-18,28,6.967510361978449,24,13.042642381416208,43,31,361.9,6,0,0,0.0
Bennedict Mathurin,42,385,7,147,13.166231207469536,40,12.673493650823994,68,116,1263.8,53,0,0,0.0
Derrick Williams,1,33,-37,15,10.653637887678125,5,19.23398472486692,34,10,119.3,21,0,0,0.0
JaVale McGee,44,416,-90,151,16.515550805656027,95,23.27636034815324,73,84,912.3,199,0,0,0.43
Chris Bosh,2,22,-40,10,3.3735384615384585,5,17.55310080563248,30,8,91.0,5,0,0,0.0
Seth Curry,0,0,-4,0,-16.843125,0,18.5401847699587,7,1,4.8,0,0,0,0.0
Anthony Morrow,40,402,25,138,15.999159999999996,40,27.070205691586967,82,112,675.0,40,0,0,0.5
Darius Morris,0,2,-5,1,-8.781575342465754,1,23.50830710797645,4,0,14.6,2,0,0,0.0
Danny Green,10,75,-19,31,9.266481826654246,18,21.338325567900068,10,35,214.6,17,0,0,0.0
Garrett Temple,0,27,-12,11,7.735695708712613,8,20.903564486024063,5,3,76.9,12,0,0,0.0
Ben McLemore,6,20,42,6,12.756314152410582,5,16.103980906325805,4,13,64.3,9,0,0,0.0
Hollis Thompson,61,715,-372,277,12.17902544642857,90,15.147231440507404,82,278,2240.0,124,0,0,0.0
Devontae Cacok,84,526,-74,221,13.553977543129086,74,20.646011340746163,61,241,1344.8,48,0,0,0.0
D.J. Augustin,49,435,-76,170,15.981681623413367,55,14.900734130145771,76,164,1236.9,95,0,0,0.0
Tim Frazier,266,1204,-642,409,15.633916590721697,237,25.56712798712457,76,215,2304.3,387,0,0,2.76
Russ Smith,6,66,-74,27,9.539989622967823,8,12.477422280672323,43,24,289.1,12,0,0,0.0
Xavier Henry,22,182,-93,73,10.110126368997472,26,15.275411716513103,53,76,593.5,14,0,0,0.0
KZ Okpala,19,167,26,62,18.319011487303506,11,21.14838570468926,14,35,330.8,25,0,0,0.0
Briante Weber,91,541,-213,191,8.52812264555815,63,12.660951721170129,77,145,2097.1,118,0,0,0.0
Xavier Moon,350,1230,255,374,17.58915705645918,86,17.122100977442333,82,279,2662.1,128,0,0,14.65
Jordan Hill,2,18,16,8,39.01043137254902,1,26.113027946129368,10,15,25.5,3,0,0,0.0
Bernard James,107,840,-430,310,12.55954102564103,136,28.008125157110484,82,112,1560.0,141,0,0,0.0
Langston Galloway,35,420,-10,174,15.016205281887991,58,16.848718547079645,82,194,1067.8,37,0,0,0.0
LeBron James,2,16,3,5,1.666970033296337,0,13.242456634090644,22,4,90.1,4,0,0,0.0
Kenrich Williams,0,0,-3,0,-33.21133333333333,2,31.74926269264806,11,1,4.5,0,0,0,0.0
John Wall,4,80,-133,32,10.343261390887289,26,15.420229443711166,47,34,291.9,51,0,0,0.0
Udonis Haslem,85,656,-114,225,14.801647675478575,75,15.395853104650008,72,364,1755.2,108,0,0,0.0
Brandon Bass,31,212,157,90,19.492929989902382,18,14.09162644853603,44,123,594.2,28,0,0,0.0
Tracy McGrady,171,923,-44,324,19.10705924170616,166,26.754756846356788,53,195,1688.0,281,0,0,2.52
Doug McDermott,40,395,-80,151,10.964893344709893,34,14.418911194003927,55,101,1172.0,50,0,0,0.0
Isaiah Jackson,55,425,237,141,10.509161123170648,49,13.748064356103765,82,110,1428.1,117,0,0,0.0
Hollis Thompson,1,96,-53,34,9.664158083832334,10,9.451253073105304,74,67,417.5,15,0,0,0.0
Mason Plumlee,143,841,-311,349,23.193409282700426,129,18.626911958214656,72,517,1777.5,147,0,0,0.46
Luol Deng,27,171,-37,65,12.0118142463597,18,16.210628032415986,79,56,508.2,26,0,0,0.0
Deni Avdija,170,980,227,390,24.580133734730502,115,22.825221234976706,77,477,1727.3,81,0,0,10.2
Xavier Henry,11,65,30,21,10.386623309053068,2,15.467222125927735,13,26,192.2,14,0,0,0.0
Ty Jerome,33,352,149,127,15.957846703112798,42,17.244121907341967,72,167,896.3,90,0,0,0.0
Kobi Simmons,181,927,-129,373,22.03567938931298,137,15.264269931791045,82,842,2423.5,117,0,0,37.81
Jahlil Okafor,131,849,-32,297,15.113559816953586,60,16.380385618143116,76,411,2294.5,106,0,0,0.0
Nene Hilario,51,384,34,146,15.838428536703931,41,20.49714199619937,82,167,822.8,25,0,0,0.0
Matthew Dellavedova,55,251,-176,94,14.218476918553362,50,20.19278740663232,24,62,680.2,78,0,0,0.0
Mike Tobey,30,294,-48,108,8.988119342648737,56,12.390870432282698,71,130,1137.9,64,0,0,0.0
Brandon Boston Jr.,244,1368,334,561,22.359211087420043,150,26.819148852616888,66,499,2391.9,210,1,0,31.75
Evan Fournier,10,47,23,17,9.31710554951034,11,13.76960671970393,37,30,183.8,12,0,0,0.0
Ibou Badji,4,14,-6,4,7.728025641025642,3,18.0577021592692,17,1,39.0,7,0,0,0.0
Festus Ezeli,38,511,215,196,9.55185309427415,56,13.56739964085242,82,124,1729.0,104,0,0,1.0
Kyrie Irving,2,4,15,1,2.256116071428574,4,13.288936262194012,28,5,22.4,2,0,0,0.0
Marcus Morris Sr.,100,720,-160,275,9.965934147405148,98,15.85896478752688,82,221,2293.0,77,0,0,0.0
Raymond Felton,55,283,-27,112,24.80403529645053,52,24.53845195049446,16,139,504.3,87,0,0,1.26
Chris Silva,384,1438,606,524,19.10751467010161,138,23.635863932833647,78,500,2794.8,144,1,1,50.41
Gustavo Ayon,22,237,-6,79,18.68556499728801,15,15.439806858830424,22,95,553.1,36,0,0,0.0
Nazr Mohammed,58,637,-22,216,10.850014914626616,58,12.8477014386955,82,146,1944.4,111,0,0,0.0
Duncan Robinson,22,92,-53,34,15.145627729257638,7,10.230139840761296,29,56,366.4,9,0,0,0.0
Caris LeVert,32,528,-19,203,14.508508510757826,136,17.500911163314818,56,291,1780.1,376,0,0,5.0
Hamed Haddadi,77,853,254,304,14.951022686673817,112,17.48854878936479,70,272,2239.2,283,0,0,4.42
Brandan Wright,0,0,6,0,-11.15898734177215,0,16.43713127110244,3,2,7.9,0,0,0,0.0
Jeff Dowtin Jr.,28,196,-46,75,11.373228187919464,37,24.268177626913616,37,25,447.0,64,0,0,0.0
Tyler Johnson,2,28,3,10,4.972842497670082,4,17.16555598639483,14,20,107.3,8,0,0,0.0
Andrew Bogut,101,724,7,270,19.994458905587123,61,21.21692273870389,82,292,1390.7,91,0,0,0.0
Keita Bates-Diop,20,175,11,72,7.071241234221599,23,13.791644375540663,78,120,713.0,38,0,0,0.0
Danny Granger,195,1024,-57,373,12.616982498727536,137,21.09101581816457,80,239,2554.1,252,0,0,1.37
Daniel Theis,26,115,-58,37,9.96627565982405,18,15.969234571409585,36,42,375.1,26,0,0,0.0
Edmond Sumner,13,88,19,31,16.08083046471601,16,21.0115254690648,46,21,232.4,65,0,0,0.0
Marvin Bagley III,422,1805,248,647,25.568518779756648,322,30.82090965972684,79,267,2835.5,831,1,1,90.77
Damien Wilkins,33,294,-72,108,14.185171300448427,24,24.02848114819654,19,54,557.5,37,0,0,0.0
Greg Monroe,5,52,-19,22,13.5546096345515,9,19.370215263262413,48,24,120.4,3,0,0,0.0
Jerian Grant,47,341,-102,124,21.01851561495951,44,18.446904691880324,50,183,778.1,58,0,0,0.0
Axel Toupane,69,394,-57,155,13.032654090809384,69,22.697466678535275,79,72,911.8,76,0,0,0.0
Devin Harris,96,770,-23,311,18.965951864147087,78,23.67100480541912,58,294,1566.4,134,0,0,0.0
Juwan Howard,28,273,83,102,7.790974459272896,34,16.338273250731053,80,66,869.2,50,0,0,0.0
Josh Richardson,200,1038,127,414,25.168017667228447,115,23.5067617565872,82,415,1720.7,33,0,0,4.41
Yogi Ferrell,31,123,-1,42,18.41193781407035,16,15.964461741631562,21,80,318.4,15,0,0,0.0
Marvin Williams,33,177,1,64,12.524855857357103,41,17.343355982786008,82,67,600.1,117,0,0,0.0
Nick Collison,38,262,-48,92,13.073621485522448,57,18.56256545210126,40,61,714.9,152,0,0,0.0
Terry Taylor,245,1120,169,379,14.906179569184458,113,25.04903243224204,80,125,2126.2,183,0,0,2.88
Carlos Boozer,85,586,-178,235,12.642194019052218,100,18.64215451356248,67,211,1658.6,205,0,0,0.0
Joe Johnson,54,342,60,122,15.649636488812394,45,10.336756276764053,79,170,1452.5,188,0,0,0.0
Okaro White,0,14,2,5,7.244072727272723,3,13.05073336076826,11,8,55.0,0,0,0,0.0
Anthony Carter,106,953,70,370,14.977040347610178,112,15.84375137973526,80,215,2416.5,148,0,0,0.81
Willie Warren,27,169,-162,65,7.541561338289958,30,18.75409302748716,82,61,538.0,37,0,0,0.0
Spencer Dinwiddie,122,663,-152,245,21.83548287733285,121,28.902631506822047,34,101,1103.8,279,0,0,5.06
Denzel Valentine,15,95,-134,33,10.462526658767768,16,14.37718111455036,38,53,337.6,23,0,0,0.0
Yogi Ferrell,158,853,118,308,19.11268617021277,125,17.756329700713174,76,196,2143.2,459,0,0,1.31
John Henson,7,18,-6,5,18.2693253968254,3,31.325603288044185,1,0,25.2,4,0,0,0.0
Ersan Ilyasova,189,1197,-244,456,17.779046932894197,119,21.34607073719299,79,272,2429.0,231,0,0,0.25
Lazar Hayward,45,285,-132,107,8.954492003221722,44,17.93055769288486,64,104,869.1,47,0,0,0.0
Kevin Martin,45,227,-79,84,7.498368520263902,51,14.065775153166484,82,202,1061.0,53,0,0,0.0
Justin Jackson,96,532,22,183,12.461283135927804,94,15.501599286178964,65,374,1773.0,99,0,0,0.0
Robin Lopez,0,4,-10,2,5.24804469273743,1,24.293109257708632,13,0,17.9,6,0,0,0.0
Marvin Williams,59,530,-126,195,15.239127577840678,62,25.00259992729884,82,111,989.2,109,0,0,0.0
Courtney Lee,4,54,-52,21,6.766148732862486,10,13.478634570537707,14,25,240.7,12,0,0,0.0
Payton Pritchard,127,1375,7,490,18.744549076263027,117,24.299746240166847,79,219,2284.2,176,0,0,2.33
Furkan Korkmaz,17,150,-107,52,11.408707326428845,26,16.07754191295817,80,69,521.4,47,0,0,0.0
Quincy Miller,2,13,-35,4,8.039481481481483,5,19.627886158684447,24,8,40.5,1,0,0,0.0
Rodney Hood,116,677,170,239,16.837634110888075,58,19.12242852647466,59,175,1444.7,117,0,0,0.0
Dalano Banton,7,115,-16,43,7.402199191102121,13,15.478436416277164,77,43,395.6,12,0,0,0.0
Eric Bledsoe,105,771,-21,299,19.61194329404269,95,27.82595214993271,53,115,1255.6,173,0,0,0.3
Jae Crowder,87,605,-4,246,15.27214452994313,89,19.675960462556404,82,123,1494.5,220,0,0,0.0
Dario Saric,306,1661,338,659,23.1244967351489,122,30.355619291163777,78,549,2511.6,124,1,1,78.89
Brian Roberts,191,1109,518,429,23.63376624008564,98,21.232717773330776,68,282,2055.1,203,0,0,17.2
Chase Budinger,90,653,-44,227,14.154168984977348,86,24.69358023978917,82,121,1258.1,117,0,0,0.0
Kobi Simmons,57,453,-367,176,11.345980570734673,111,15.801159913865895,69,174,1647.0,277,0,0,0.17
Ronnie Brewer,171,734,18,228,17.46660915912757,57,21.56778126225304,66,187,1425.9,83,0,0,1.04
Royal Ivey,0,2,-11,1,-1.8622727272727264,3,15.76469833130297,7,1,17.6,0,0,0,0.0
Chris Paul,44,284,267,120,11.989074839302113,61,10.041050822834242,66,155,1306.8,82,0,0,0.32
P.J. Tucker,10,154,-44,58,11.281547161275729,22,16.57134149692194,30,42,442.1,42,0,0,0.0
Jarron Collins,204,756,343,276,21.794556167400888,107,17.012570284913778,66,436,1816.0,80,0,0,8.4
Ty Lawson,40,372,119,166,21.15249402322404,54,13.2319551626304,66,244,1171.2,116,0,0,0.0
Duane Washington Jr.,17,252,50,83,13.660107439361877,12,15.271297042257284,78,55,614.3,30,0,0,0.0
Maurice Harkless,88,586,157,193,12.406186374749945,50,14.988250370273947,82,191,1799.6,133,0,0,0.0
Landry Shamet,153,1025,67,436,15.061040971315238,153,24.946463352082425,66,306,2067.3,140,0,0,1.72
Andrew Wiggins,58,304,110,102,13.57604028601325,57,13.345952445201476,42,115,1146.8,165,0,0,0.0
Stephen Curry,0,0,-4,0,-10.73375,0,0.0,3,0,1.6,0,0,0,0.0
Terrence Ross,129,986,347,344,19.83271609737136,123,21.01536621740245,72,170,2058.1,385,0,0,5.93
Cody Zeller,57,504,-5,166,13.023011857707507,61,17.25496035617894,65,87,1265.0,106,0,0,0.0
Chris Johnson,14,194,-172,75,11.402010770059237,22,8.933502120029116,81,140,928.5,50,0,0,0.0
Darius Bazley,1,7,-7,3,5.0808888888888895,1,11.58848088281654,13,3,36.0,0,0,0,0.0
Jerry Stackhouse,8,17,3,4,12.333181818181812,2,27.51548042653724,29,5,35.2,0,0,0,0.0
Tyler Cook,42,150,90,49,15.456989247311826,25,16.67576061809769,42,32,446.4,57,0,0,0.36
Steve Novak,57,324,-80,115,9.922623727623725,46,13.709799217417698,48,126,1139.6,40,0,0,0.0
Kenyon Martin,0,0,-2,0,0.4235294117647052,0,27.182113664227103,5,0,1.7,0,0,0,0.0
Quentin Richardson,146,1046,74,377,17.02994738100933,92,20.94368515473836,77,382,2090.5,109,0,0,0.29
Tim Frazier,1,45,-57,18,12.350666666666667,5,10.842326261546123,31,30,201.0,16,0,0,0.0
Harrison Barnes,78,598,36,209,15.098888353413656,34,22.20796606092782,42,143,1245.0,92,0,0,0.0
Eric Gordon,0,20,-9,9,15.26218487394958,3,9.910062721723806,29,16,71.4,2,0,0,0.0
Pascal Siakam,349,1145,159,335,19.58477507029053,82,20.053117155362767,68,286,2134.0,135,0,0,17.07
Robert Williams III,150,760,384,257,15.03974036741284,72,13.71999474795918,82,498,2291.7,104,0,0,8.16
Ricky Rubio,17,140,-45,55,14.674386984311443,20,17.387318007193414,18,15,344.2,36,0,0,0.0
Jae Crowder,4,42,40,19,7.110010176390773,4,9.07915666905557,66,59,294.8,16,0,0,0.0
Sean Kilpatrick,27,189,-153,67,12.036577809798269,43,25.140886132604145,65,33,416.4,59,0,0,0.12
Trent Forrest,10,96,30,33,13.267039243167485,14,15.717896944016276,48,46,285.4,25,0,0,0.0
Tyler Johnson,16,86,-5,35,12.905680713128037,23,20.970378498915576,24,47,246.8,10,0,0,0.0
JJ Redick,29,372,-1,145,13.314846287703013,46,15.324275870406098,70,155,1034.4,84,0,0,0.0
Luke Harangody,240,1260,-91,484,25.45097647322428,213,24.179320690064365,63,592,2231.5,415,0,0,25.9
Rob Edwards,20,465,-16,185,14.325706151142354,103,16.962184827286897,47,197,1422.5,255,0,0,0.0
Kelly Oubre Jr.,112,593,100,197,12.793375636195387,53,17.12624912594411,79,107,1512.9,102,0,0,0.0
Frank Mason III,1,7,-33,3,4.0676881720430105,3,18.807653957551874,2,10,37.2,3,0,0,0.0
Jermaine O'Neal,5,25,-13,10,12.278000000000004,4,8.761680885562349,28,23,122.0,3,0,0,0.0
Terrence Ross,41,231,35,78,14.422852052451535,28,12.589320461510848,21,87,701.6,41,0,0,0.0
Kyle Lowry,16,154,12,53,12.476831978319783,23,19.303871876374863,41,22,369.0,29,0,0,0.0
Courtney Lee,16,178,40,68,9.867555480833897,76,20.531795075102355,34,43,594.8,135,0,0,0.0
Daniel Gafford,14,106,-7,36,8.666580240174673,14,13.721973332728924,33,42,366.4,20,0,0,0.0
Terrence Williams,14,212,83,84,15.532376492194675,17,15.716729157118897,52,100,544.5,28,0,0,0.0
Chinanu Onuaku,57,613,501,224,13.022727150356712,64,11.499771389054184,82,259,2228.7,125,0,0,0.17
Lou Williams,57,334,313,118,12.09838254069582,41,11.759257997289996,55,117,1253.2,120,0,0,0.32
David Duke Jr.,68,573,137,191,12.697109364129677,41,16.90558441633651,70,110,1437.4,108,0,0,0.0
David Roddy,10,96,-56,33,8.620136275146013,11,11.02286338554446,46,72,462.3,27,0,0,0.0
Troy Daniels,5,46,-28,17,11.015713153724247,8,22.13728482409393,9,8,126.2,20,0,0,0.0
Royce O'Neale,63,359,-131,129,14.259997339010114,72,24.951064955040952,50,78,751.6,121,0,0,1.0
Lance Thomas,338,1735,322,633,24.17265010273191,117,26.971884564250104,80,458,2628.2,216,1,1,67.33
Kevin Durant,143,646,216,251,20.34818776578345,115,23.45377548009529,59,321,1222.8,50,0,0,6.43
Keldon Johnson,119,769,-19,323,16.235822824882607,120,21.07684076640285,82,341,1895.3,223,0,0,0.0
Avery Bradley,33,325,27,117,12.628805309734512,36,20.746416987064432,51,68,745.8,48,0,0,0.0
Markel Brown,105,399,-81,146,17.446069987898344,40,18.44564278817598,82,189,991.6,44,0,0,0.0
Damion Lee,92,786,-500,307,13.18061478454681,173,20.612541482517805,82,193,2153.6,470,0,0,1.13
Markieff Morris,284,1272,361,430,20.575211645188595,130,25.5484842000432,78,335,2126.2,86,0,0,34.6
James Wiseman,171,1010,-366,374,17.471933557702748,77,26.07681172676133,56,289,1842.2,93,0,0,0.85
Nikola Mirotic,15,120,-40,45,7.376647509578546,33,22.4665004397541,57,44,365.4,56,0,0,0.0
Alex Fudge,97,342,75,120,18.592982601491293,40,13.29335597562089,63,154,965.6,63,0,0,0.0
Jose Calderon,35,290,17,106,19.447567210224765,22,16.407845282839485,52,137,680.7,42,0,0,0.0
Tyler Herro,0,27,49,10,11.40774061990212,9,14.671588691701809,13,15,122.6,28,0,0,0.0
Joe Wieskamp,56,674,-299,281,16.105253469771814,171,22.373917450907346,54,323,1700.4,345,0,0,6.61
Matthew Dellavedova,228,1513,213,602,16.883888045048714,198,27.968743412902903,80,156,2699.3,329,0,0,22.17
Jamaal Tinsley,3,22,0,8,8.521934306569342,1,11.096488092936308,3,10,82.2,0,0,0,0.0
Tim Duncan,1,15,-4,5,10.70384937238494,2,14.05264871348249,18,7,47.8,3,0,0,0.0
Nicolo Melli,3,3,-7,0,14.872545454545456,1,18.68679530122187,2,0,11.0,4,0,0,0.0
Ish Wainright,59,396,-64,147,13.364038242658772,32,12.315838571925886,68,128,1317.9,47,0,0,0.0
Mike James,35,223,-12,91,10.286854223257016,63,18.42123823255123,51,64,773.1,141,0,0,0.0
Zion Williamson,75,660,207,261,16.152218741099396,134,24.65038382183509,55,228,1404.4,145,0,0,2.37
Paris Bass,159,1151,153,432,15.720854409776132,119,26.2747751628584,68,143,1996.7,157,0,0,4.24
Timofey Mozgov,156,1130,-281,423,18.23231104255512,169,24.355275645212803,67,491,2204.2,233,0,0,1.46
Nate Robinson,20,199,-80,84,8.689383928571425,35,17.65863758161196,81,75,672.0,40,0,0,0.0
Danny Green,43,277,29,117,14.475077252661643,62,11.80667448516792,77,424,1540.4,121,0,0,1.81
Isaiah Thomas,110,603,-40,226,18.97491510589883,40,23.29377618171142,73,234,1142.6,75,0,0,0.0
Jordan Goodwin,64,506,-171,210,11.936927345058622,67,12.852721015278124,82,218,1910.4,109,0,0,0.0
Jusuf Nurkic,79,779,-30,350,25.846767816889194,54,15.812133765934789,67,459,1730.1,58,0,0,0.63
Serge Ibaka,0,10,-28,4,7.176635135135135,1,9.34541222544299,5,6,74.0,6,0,0,0.0
Samardo Samuels,5,88,-117,33,5.758325664621675,19,13.826063107049402,21,33,391.2,32,0,0,0.0
Damian Jones,72,617,252,207,13.806789729917702,42,14.495247489012517,76,237,1725.4,60,0,0,0.44
Allen Crabbe,0,0,3,0,0.0,0,0.0,1,0,0.6,0,0,0,0.0
Carlik Jones,2,31,9,12,11.347260519247984,5,13.19819212188076,5,10,111.7,7,0,0,0.0
Andre Roberson,18,272,169,105,11.255689898880073,49,15.65283083166969,41,110,919.7,57,0,0,0.0
Zach Randolph,2,40,15,17,21.421130899376664,4,12.507778033307671,7,16,112.3,8,0,0,0.0
Josh Magette,191,1145,-184,368,18.26691524963821,181,24.98383561498297,64,170,2211.2,471,0,0,7.28
Nick Richards,362,2099,-112,764,24.84813449597041,224,28.522640322867893,82,322,3027.6,448,1,1,60.46
Jabari Parker,0,8,41,3,4.0595695839311325,1,6.618910989993811,24,17,139.4,12,0,0,0.0
Jimmer Fredette,255,1132,-351,383,19.482013987542345,116,25.8356168635679,58,154,1830.2,152,0,0,6.39
Isaiah Thomas,64,227,-128,70,11.061081984517944,32,18.84982637160459,20,33,568.4,40,0,0,0.0
Bruno Fernando,16,120,-48,49,25.38053409090909,12,27.739803352634844,47,32,176.0,20,0,0,0.25
Seth Curry,40,280,-72,120,18.139248251748253,16,12.830884619975466,42,124,858.0,23,0,0,1.39
Tyus Jones,0,11,11,5,42.11937106918237,1,24.077528043192583,4,1,15.9,4,0,0,0.0
Semih Erden,81,485,-202,202,23.56716660536962,35,12.189136453312011,68,246,1359.5,37,0,0,0.0
Andre Roberson,454,1874,180,605,22.10968675724572,265,30.55502946269437,82,484,2818.9,329,1,1,71.13
Chris Duarte,76,384,96,143,18.01487294781972,66,20.116855786458228,59,106,956.3,111,0,0,0.0
Drew Gooden,160,1306,-75,467,18.71455152715713,128,25.254686692584944,62,143,2170.7,253,0,0,3.2
Stanley Johnson,59,326,-33,124,12.37000505816894,46,20.2066647321571,82,88,790.8,49,0,0,0.0
Noah Vonleh,17,145,-20,61,18.76634531325887,21,16.25446602448711,33,82,411.8,43,0,0,0.0
Svi Mykhailiuk,5,74,26,29,17.15633623576691,8,21.51094262837005,36,16,149.3,16,0,0,0.0
Tony Snell,0,2,-2,1,85.91,0,43.6717084515231,2,0,1.0,0,0,0,0.0
Malachi Flynn,87,700,-178,261,11.557935163708938,78,17.31239488891395,82,163,1853.9,68,0,0,0.0
Josh Davis,0,8,9,4,28.181420454545457,2,25.38973754800339,4,3,17.6,1,0,0,0.0
T.J. McConnell,66,339,-10,111,12.352728705071396,36,14.835083777350183,61,103,1015.5,51,0,0,0.0
Charlie Bell,23,424,-245,175,14.876209995615955,127,17.469749312200793,51,209,1368.6,367,0,0,0.0
Demetrius Jackson,21,134,-3,50,9.956061576793024,42,12.98045299182628,38,50,561.9,75,0,0,0.0
Dwight Powell,23,335,13,154,15.623201450708867,50,18.91827957819732,45,82,909.9,120,0,0,0.0
Jaxson Hayes,88,685,-210,289,15.43938925588932,75,21.384679465352413,48,170,1604.6,135,0,0,0.0
Boban Marjanovic,2,4,-3,1,-1.3790189873417735,0,15.303172272483584,23,1,31.6,2,0,0,0.0
Luke Babbitt,78,703,-295,261,20.289461845344206,57,24.52401186468184,43,140,1178.1,136,0,0,0.03
Vic Law,210,1203,-119,496,18.574420740965675,170,21.28724790800436,73,497,2634.4,233,0,0,5.03
Alize Johnson,0,3,3,1,6.693076923076923,0,42.576379610565965,4,0,5.2,0,0,0,0.0
Luke Harangody,197,1270,183,423,21.05539690817657,126,19.792841685508225,73,245,2684.5,589,0,0,29.44
Brandan Wright,3,11,-13,3,3.606093189964157,3,26.025107467929416,11,6,27.9,1,0,0,0.0
Moritz Wagner,90,379,-114,118,16.219847318768615,45,21.24428201295572,52,77,805.6,58,0,0,0.0
Kenyon Martin Jr.,29,299,-64,108,17.36667986912347,34,22.06391651552223,27,77,580.7,46,0,0,0.0
Brandon Knight,116,548,-113,195,17.76863391557497,81,16.827323660713063,42,265,1374.0,168,0,0,0.0
Al Horford,1,1,-4,0,17.473939393939393,0,5.694097159567734,9,0,6.6,1,0,0,0.0
Bradley Beal,0,0,1,0,-15.073076923076922,0,16.828823283050607,3,0,2.6,0,0,0,0.0
Derrick White,218,1414,-76,548,18.424658537566906,258,27.965889915496657,81,206,2484.9,499,0,0,15.49
Lester Quinones,58,481,153,186,16.497863890979016,34,16.6307945861747,48,85,1196.1,150,0,0,0.0
Meyers Leonard,19,133,20,57,12.772526230831312,22,13.021126927265794,61,113,495.6,16,0,0,0.0
Chinanu Onuaku,108,606,-18,215,13.237497071913792,58,17.22705139888565,82,266,1707.6,98,0,0,0.0
Kristaps Porzingis,164,837,-375,318,17.45651046075705,94,21.478184478599783,63,193,1653.8,127,0,0,0.5
Marquis Daniels,6,28,-4,11,8.761506849315067,10,11.81176266436823,82,27,146.0,3,0,0,0.0
Dominic McGuire,142,454,84,156,14.914744178328448,71,11.62864499055142,82,473,1807.9,29,0,0,3.89
Mario Chalmers,38,266,-132,114,14.453575633478367,37,17.311896905537175,52,143,781.4,24,0,0,0.0
Chauncey Billups,94,818,215,362,24.19267517565913,87,19.96358511108724,68,348,1551.3,63,0,0,1.38
Alexis Ajinca,0,0,0,0,-18.66190476190476,0,20.73520157288265,5,0,2.1,0,0,0,0.0
Gordon Hayward,42,389,151,173,11.965946609161216,62,13.021410484543956,77,123,1344.8,139,0,0,0.0
R.J. Hampton,3,25,-32,11,5.759315436241614,3,21.841385678966915,82,24,74.5,2,0,0,0.0
Rui Hachimura,74,531,22,195,9.801817299695042,99,17.737460506539627,81,114,1442.8,79,0,0,0.0
Chandler Hutchison,10,26,-23,8,13.57896237172178,8,14.46201673977144,12,22,87.7,7,0,0,0.0
Avery Bradley,180,1298,300,473,22.70883847379769,145,26.276293084975965,65,209,2133.4,400,0,0,22.55
Greg Monroe,185,962,-296,354,14.505740685984623,146,22.07683216176275,71,178,2029.2,171,0,0,0.27
Gordon Hayward,27,337,11,134,13.34629958142316,30,13.956009468853956,73,166,1003.4,31,0,0,0.0
Donovan Mitchell,3,52,-14,18,6.832586337282583,7,5.845147016524849,21,38,396.7,16,0,0,0.0
Markieff Morris,82,729,83,281,15.901205028175118,103,26.547831608680244,63,135,1384.2,200,0,0,0.0
Cody Martin,3,13,-12,5,8.878309090909092,3,21.473718575002977,38,10,55.0,2,0,0,0.0
Ming Yao,69,831,4,314,17.89643247812251,99,17.122491136366296,72,347,2011.2,203,0,0,0.0
Julius Randle,126,312,-5,93,14.272533742331293,47,15.17930282384546,66,167,978.0,17,0,0,0.0
Jimmy Butler,237,956,229,318,19.215850279462487,71,27.519320664436325,66,125,1681.8,221,0,0,4.07
